{"minx": -117.07125809885737, "miny": 31.33283901521308, "maxx": -108.16232541999855, "maxy": 39.3028520547791, "real_name": "Abert's Towhee", "science_name": "Pipilo aberti"}