{"minx": -112.66506036645644, "miny": 31.33282700666361, "maxx": -104.15047283458303, "maxy": 41.05364514580304, "real_name": "Abert's Squirrel", "science_name": "Sciurus aberti"}