{"minx": -100.85635129803195, "miny": 27.748480859801063, "maxx": -69.86728154030688, "maxy": 44.88952671580725, "real_name": "Acadian Flycatcher", "science_name": "Empidonax virescens"}