{"minx": -124.66109872475803, "miny": 28.971546136987303, "maxx": -101.39824513218606, "maxy": 46.01488495986767, "real_name": "Acorn Woodpecker", "science_name": "Melanerpes formicivorus"}