{"minx": -120.72722693675114, "miny": 32.52927581100062, "maxx": -115.76157022433269, "maxy": 36.61206487579066, "real_name": "Agile Kangaroo Rat", "science_name": "Dipodomys agilis"}