{"minx": -88.30119639121341, "miny": 30.23366995347361, "maxx": -87.62527980137456, "maxy": 31.39036017486979, "real_name": "Alabama Red-bellied Cooter", "science_name": "Pseudemys alabamensis"}