{"minx": -88.08552577038247, "miny": 30.14900577276596, "maxx": -87.58483494805729, "maxy": 30.346381210765333, "real_name": "Alabama Beach Deermouse", "science_name": "Peromyscus polionotus ammobates"}