{"minx": -89.29777762848977, "miny": 30.149005772766003, "maxx": -84.05534945859623, "maxy": 35.31505978660181, "real_name": "Alabama Map Turtle", "science_name": "Graptemys pulchra"}