{"minx": -103.56733094445923, "miny": 34.90267206977965, "maxx": -66.90176211350195, "maxy": 49.38435789073909, "real_name": "Alder Flycatcher", "science_name": "Empidonax alnorum"}