{"minx": -84.95905279440885, "miny": 36.03739169689704, "maxx": -73.35486624985836, "maxy": 44.728427307036604, "real_name": "Allegheny Mountain Dusky Salamander", "science_name": "Desmognathus ochrophaeus"}