{"minx": -124.66824152407844, "miny": 33.76168647658942, "maxx": -115.47831098398848, "maxy": 44.060619212590034, "real_name": "Allen's Hummingbird", "science_name": "Selasphorus sasin"}