{"minx": -88.20405684998777, "miny": 34.34697025137741, "maxx": -73.74811528300492, "maxy": 41.74565102793025, "real_name": "Allegheny Woodrat", "science_name": "Neotoma magister"}