{"minx": -116.25823438142973, "miny": 31.332172207742722, "maxx": -106.72318028276574, "maxy": 37.73895951472308, "real_name": "Allen's Big-eared Bat", "science_name": "Idionycteris phyllotis"}