{"minx": -99.5164933340857, "miny": 27.946132358556383, "maxx": -81.79055514123719, "maxy": 40.448382388104235, "real_name": "Alligator Snapping Turtle", "science_name": "Macrochelys temminckii"}