{"minx": -119.8806430804093, "miny": 36.183670377264825, "maxx": -117.73401096247713, "maxy": 38.221149850737625, "real_name": "Alpine Chipmunk", "science_name": "Tamias alpinus"}