{"minx": -99.2089180812132, "miny": 25.837377232568322, "maxx": -97.09609769471822, "maxy": 27.280389910718355, "real_name": "Altamira Oriole", "science_name": "Icterus gularis"}