{"minx": -116.50217911537564, "miny": 35.730512035340666, "maxx": -116.05143780420805, "maxy": 36.16623519619943, "real_name": "Amargosa Vole", "science_name": "Microtus californicus scirpensis"}