{"minx": -116.94533032726723, "miny": 36.7458323702816, "maxx": -116.52219733930386, "maxy": 37.1566540477662, "real_name": "Amargosa Toad", "science_name": "Anaxyrus nelsoni"}