{"minx": -98.18535693909128, "miny": 34.68153665698117, "maxx": -66.90176211350197, "maxy": 49.38435789073909, "real_name": "American Woodcock", "science_name": "Scolopax minor"}