{"minx": -118.41403347455342, "miny": 34.32045251307748, "maxx": -66.90176211350196, "maxy": 49.38435789073906, "real_name": "American Pygmy Shrew", "science_name": "Sorex hoyi"}