{"minx": -123.31579447450889, "miny": 32.119249214055664, "maxx": -66.90176211350196, "maxy": 49.00249428082524, "real_name": "American Tree Sparrow", "science_name": "Spizella arborea"}