{"minx": -114.31319327731197, "miny": 25.837377232568322, "maxx": -96.03671999048017, "maxy": 39.577293659512755, "real_name": "American Hog-nosed Skunk", "science_name": "Conepatus leuconotus"}