{"minx": -124.82919055651315, "miny": 25.837377232568308, "maxx": -66.90176211350197, "maxy": 49.38435789073909, "real_name": "American Beaver", "science_name": "Castor canadensis"}