{"minx": -124.15226238581457, "miny": 29.889871520391615, "maxx": -66.90176211350195, "maxy": 49.38435789073909, "real_name": "American Redstart", "science_name": "Setophaga ruticilla"}