{"minx": -124.80907527625375, "miny": 25.18361697722106, "maxx": -66.90176211350195, "maxy": 49.38435789073906, "real_name": "American Black Bear", "science_name": "Ursus americanus"}