{"minx": -96.74593991789074, "miny": 43.12619468169577, "maxx": -67.75042260371612, "maxy": 49.38435789073909, "real_name": "American Black Duck", "science_name": "Anas rubripes"}