{"minx": -100.0188004811191, "miny": 30.08931693083403, "maxx": -66.90176211350195, "maxy": 49.3843578907391, "real_name": "American Toad", "science_name": "Anaxyrus americanus"}