{"minx": -118.8218273648489, "miny": 33.03701472216428, "maxx": -87.79702387952872, "maxy": 48.117919174872554, "real_name": "American Bison", "science_name": "Bison bison"}