{"minx": -123.26880198724783, "miny": 41.00407135292302, "maxx": -66.90176211350195, "maxy": 49.38435789073909, "real_name": "American Kestrel", "science_name": "Falco sparverius"}