{"minx": -120.57572304770886, "miny": 36.421029691561756, "maxx": -118.32558624985529, "maxy": 39.52544193022908, "real_name": "American Dipper", "science_name": "Cinclus mexicanus"}