{"minx": -124.66824152407838, "miny": 35.08275393435127, "maxx": -67.78043668227198, "maxy": 49.38435789073911, "real_name": "American Marten", "science_name": "Martes americana"}