{"minx": -123.62620100157896, "miny": 35.953862600459466, "maxx": -101.4830946252738, "maxy": 49.00139119218955, "real_name": "American Crow", "science_name": "Corvus brachyrhynchos"}