{"minx": -122.99273403209318, "miny": 31.151499382465385, "maxx": -96.80766932778528, "maxy": 49.00126987808682, "real_name": "American Avocet", "science_name": "Recurvirostra americana"}