{"minx": -118.43514065857357, "miny": 36.325352833060066, "maxx": -76.08941412710217, "maxy": 49.38435789073906, "real_name": "American Coot", "science_name": "Fulica americana"}