{"minx": -81.31874246747051, "miny": 24.688710804437537, "maxx": -80.35771868412857, "maxy": 25.761567632307692, "real_name": "American Flamingo", "science_name": "Phoenicopterus ruber"}