{"minx": -124.82919055651313, "miny": 24.68871080443752, "maxx": -66.90176211350195, "maxy": 49.38435789073906, "real_name": "American Mink", "science_name": "Neovison vison"}