{"minx": -82.97513191855408, "miny": 24.464611132372916, "maxx": -80.02126432380634, "maxy": 26.941594928238167, "real_name": "American Crocodile", "science_name": "Crocodylus acutus"}