{"minx": -123.38645157935711, "miny": 32.97590382724933, "maxx": -66.90176211350197, "maxy": 49.38435789073909, "real_name": "American Water Shrew", "science_name": "Sorex palustris"}