{"minx": -123.31579447450886, "miny": 35.112772373906765, "maxx": -104.13857768820009, "maxy": 49.00249428082526, "real_name": "American Pika", "science_name": "Ochotona princeps"}