{"minx": -122.87543259829584, "miny": 36.89841474615811, "maxx": -86.08418934825903, "maxy": 49.38435789073906, "real_name": "American White Pelican", "science_name": "Pelecanus erythrorhynchos"}