{"minx": -123.3834266362303, "miny": 34.349169117110286, "maxx": -66.90176211350195, "maxy": 49.38435789073906, "real_name": "American Bittern", "science_name": "Botaurus lentiginosus"}