{"minx": -122.71873344270777, "miny": 31.894371759600496, "maxx": -67.75042260371617, "maxy": 49.38435789073911, "real_name": "American Three-toed Woodpecker", "science_name": "Picoides dorsalis"}