{"minx": -114.93696731063345, "miny": 43.7062418973944, "maxx": -67.78467221523476, "maxy": 49.38435789073909, "real_name": "American Goldfinch", "science_name": "Carduelis tristis"}