{"minx": -107.8833497264594, "miny": 25.837377232568308, "maxx": -66.90176211350195, "maxy": 48.30415077395425, "real_name": "American Bullfrog", "science_name": "Lithobates catesbeianus"}