{"minx": -120.71965304939198, "miny": 36.325352833060066, "maxx": -92.62566535515293, "maxy": 49.38435789073909, "real_name": "American Wigeon", "science_name": "Anas americana"}