{"minx": -100.54621595921739, "miny": 24.464611132372944, "maxx": -75.40432755921591, "maxy": 36.12593978390426, "real_name": "American Alligator", "science_name": "Alligator mississippiensis"}