{"minx": -75.60803425112547, "miny": 38.83856551607077, "maxx": -71.1877023385596, "maxy": 41.5958748789555, "real_name": "American Oystercatcher", "science_name": "Haematopus palliatus"}