{"minx": -124.47443617035336, "miny": 25.837377232568322, "maxx": -81.76705644946007, "maxy": 49.29581585442918, "real_name": "American Badger", "science_name": "Taxidea taxus"}