{"minx": -123.38342663623031, "miny": 32.49225119976343, "maxx": -68.61429760711964, "maxy": 49.00249428082526, "real_name": "American Pipit", "science_name": "Anthus rubescens"}