{"minx": -122.1805985547969, "miny": 44.706568039060954, "maxx": -67.416594761259, "maxy": 49.38435789073909, "real_name": "American Robin", "science_name": "Turdus migratorius"}