{"minx": -81.3628249347684, "miny": 29.573616712276714, "maxx": -81.13861746216213, "maxy": 29.98547088235322, "real_name": "Anastasia Island Mole", "science_name": "Scalopus aquaticus anastasae"}