{"minx": -81.44513127872547, "miny": 29.573616712276714, "maxx": -81.1386174621621, "maxy": 30.195237423983414, "real_name": "Anastasia Beach Deermouse", "science_name": "Peromyscus polionotus phasma"}