{"minx": -99.55618520384868, "miny": 26.23517919451491, "maxx": -75.40432755921593, "maxy": 37.257860335641375, "real_name": "Anhinga", "science_name": "Anhinga anhinga"}