{"minx": -109.09877642961159, "miny": 31.332253295564232, "maxx": -107.7339564315873, "maxy": 32.623985395055776, "real_name": "Animas Southern Pocket Gopher", "science_name": "Thomomys umbrinus emotus"}