{"minx": -124.82919055651313, "miny": 31.332253295564254, "maxx": -104.56776926221859, "maxy": 49.00084372781481, "real_name": "Anna's Hummingbird", "science_name": "Calypte anna"}