{"minx": -114.04972720074903, "miny": 31.332172207742722, "maxx": -108.90187108823653, "maxy": 33.59660532269266, "real_name": "Antelope Jackrabbit", "science_name": "Lepus alleni"}