{"minx": -82.97513191855407, "miny": 24.464611132372944, "maxx": -80.35771868412856, "maxy": 25.221771386584294, "real_name": "Antillean Nighthawk", "science_name": "Chordeiles gundlachii"}