{"minx": -85.79686977330165, "miny": 30.18675309961247, "maxx": -83.92608595030423, "maxy": 32.775726603802944, "real_name": "Apalachicola Dusky Salamander", "science_name": "Desmognathus apalachicolae"}