{"minx": -108.51394296602462, "miny": 27.105737862619527, "maxx": -99.27344327024655, "maxy": 33.05897351443451, "real_name": "Aplomado Falcon", "science_name": "Falco femoralis"}