{"minx": -87.54847980210702, "miny": 33.940680412252824, "maxx": -76.14160193001281, "maxy": 41.65314579646678, "real_name": "Appalachian Cottontail", "science_name": "Sylvilagus obscurus"}