{"minx": -124.66824152407844, "miny": 34.24046710110026, "maxx": -119.37213071899897, "maxy": 43.84261761034956, "real_name": "Aquatic Gartersnake", "science_name": "Thamnophis atratus"}