{"minx": -124.47443617035333, "miny": 32.52927581099941, "maxx": -116.22328663819711, "maxy": 41.57037053496059, "real_name": "Arboreal Salamander", "science_name": "Aneides lugubris"}