{"minx": -71.25113838914075, "miny": 41.19330593520253, "maxx": -66.90176211350197, "maxy": 45.19138221575459, "real_name": "Arctic Tern", "science_name": "Sterna paradisaea"}