{"minx": -106.20484989904733, "miny": 42.079504903796824, "maxx": -83.43554948569084, "maxy": 49.38435789073911, "real_name": "Arctic Shrew", "science_name": "Sorex arcticus"}