{"minx": -113.46931901515312, "miny": 31.33282700666361, "maxx": -107.1690439943874, "maxy": 36.45239794318288, "real_name": "Arizona Treefrog", "science_name": "Hyla wrightorum"}