{"minx": -113.23125066774078, "miny": 31.332172207742722, "maxx": -108.61343099823486, "maxy": 34.668546541523654, "real_name": "Arizona Cotton Rat", "science_name": "Sigmodon arizonae"}