{"minx": -113.37175805044991, "miny": 33.8849062681969, "maxx": -112.06449613407545, "maxy": 35.440863728467505, "real_name": "Arizona Night Lizard", "science_name": "Xantusia arizonae"}