{"minx": -112.20816311823299, "miny": 31.332172207742722, "maxx": -108.20837887673672, "maxy": 33.00555607846066, "real_name": "Arizona Woodpecker", "science_name": "Picoides arizonae"}