{"minx": -113.90975493264271, "miny": 31.894685377643587, "maxx": -107.8766985516902, "maxy": 36.43738937472147, "real_name": "Arizona Black Rattlesnake", "science_name": "Crotalus cerberus"}