{"minx": -112.74946564410148, "miny": 31.359502902917978, "maxx": -111.11414727137141, "maxy": 32.63954637733658, "real_name": "Arizona Mud Turtle", "science_name": "Kinosternon arizonense"}