{"minx": -111.50612711839129, "miny": 31.332827006663624, "maxx": -109.06848281544714, "maxy": 33.02131672711615, "real_name": "Arizona Striped Whiptail", "science_name": "Aspidoscelis arizonae"}