{"minx": -114.90805819230592, "miny": 31.359502902917953, "maxx": -109.80800465024824, "maxy": 36.88830476303256, "real_name": "Arizona Pocket Mouse", "science_name": "Perognathus amplus"}