{"minx": -114.99433581895033, "miny": 31.781991520568877, "maxx": -109.70594161099429, "maxy": 37.73895951472306, "real_name": "Arizona Woodrat", "science_name": "Neotoma devia"}