{"minx": -116.51506336810777, "miny": 30.05237038485051, "maxx": -101.10405725538408, "maxy": 39.84287114203237, "real_name": "Arizona Myotis", "science_name": "Myotis occultus"}