{"minx": -111.30072279663857, "miny": 31.332177073329678, "maxx": -108.17161910327629, "maxy": 32.84159403830283, "real_name": "Arizona Shrew", "science_name": "Sorex arizonae"}