{"minx": -113.52256715356108, "miny": 31.332177073329678, "maxx": -108.38567670870601, "maxy": 35.50140132885255, "real_name": "Arizona Gray Squirrel", "science_name": "Sciurus arizonensis"}