{"minx": -116.27478564817932, "miny": 32.320957453575005, "maxx": -107.11184651987838, "maxy": 38.04677510719682, "real_name": "Arizona Toad", "science_name": "Anaxyrus microscaphus"}