{"minx": -109.98051638341735, "miny": 33.20562836284512, "maxx": -108.30877199821379, "maxy": 34.61367695763666, "real_name": "Arizona Montane Vole", "science_name": "Microtus montanus arizonensis"}