{"minx": -121.3972007105233, "miny": 32.52927581099941, "maxx": -115.90158283220418, "maxy": 36.155868451565965, "real_name": "Arroyo Toad", "science_name": "Anaxyrus californicus"}