{"minx": -124.52385165920776, "miny": 25.837377232568322, "maxx": -96.03671999048017, "maxy": 47.86705542962491, "real_name": "Ash-throated Flycatcher", "science_name": "Myiarchus cinerascens"}