{"minx": -116.6123851037477, "miny": 36.245606616699284, "maxx": -116.07679932158489, "maxy": 36.90058674907307, "real_name": "Ash Meadows Montane Vole", "science_name": "Microtus montanus nevadensis"}