{"minx": -124.4230264022765, "miny": 32.52927581099941, "maxx": -116.87118862458837, "maxy": 40.309373887349004, "real_name": "Ashy Storm-petrel", "science_name": "Oceanodroma homochroa"}