{"minx": -83.53607471434947, "miny": 32.79449579286405, "maxx": -75.40432755921594, "maxy": 37.72970357726926, "real_name": "Atlantic Coast Slimy Salamander", "science_name": "Plethodon chlorobryonis"}