{"minx": -69.53915007396787, "miny": 43.71077943087784, "maxx": -67.82481928324977, "maxy": 44.52759574429881, "real_name": "Atlantic Puffin", "science_name": "Fratercula arctica"}