{"minx": -99.33962550281808, "miny": 27.751662133119137, "maxx": -95.50464662358208, "maxy": 30.964636830258712, "real_name": "Attwater's Pocket Gopher", "science_name": "Geomys attwateri"}