{"minx": -97.5021392460578, "miny": 28.11028961329641, "maxx": -94.67107498315299, "maxy": 29.857227162261157, "real_name": "Attwater's Greater Prairie Chicken", "science_name": "Tympanuchus cupido attwateri"}