{"minx": -99.45231597172096, "miny": 25.837377232568286, "maxx": -97.09609769471822, "maxy": 27.129737799253313, "real_name": "Audubon's Oriole", "science_name": "Icterus graduacauda"}