{"minx": -97.93947915494888, "miny": 30.230829074986588, "maxx": -97.75259904777826, "maxy": 30.35816715459272, "real_name": "Austin Blind Salamander", "science_name": "Eurycea waterlooensis"}