{"minx": -95.54497936839182, "miny": 26.531833924525376, "maxx": -76.08980547153719, "maxy": 37.6738151669243, "real_name": "Bachman's Sparrow", "science_name": "Aimophila aestivalis"}