{"minx": -114.81659175159808, "miny": 31.332172207742722, "maxx": -108.16232541999855, "maxy": 34.80191359583442, "real_name": "Bailey's Pocket Mouse", "science_name": "Chaetodipus baileyi"}