{"minx": -113.37531690546437, "miny": 44.73391563676273, "maxx": -95.91258607323068, "maxy": 49.001132353673256, "real_name": "Baird's Sparrow", "science_name": "Ammodramus bairdii"}