{"minx": -124.20418912925876, "miny": 45.535463750713525, "maxx": -120.16881967343176, "maxy": 47.41850756283219, "real_name": "Baird's Shrew", "science_name": "Sorex bairdi"}