{"minx": -104.92148618310925, "miny": 28.724005370563823, "maxx": -98.60690210085306, "maxy": 31.618813207350385, "real_name": "Baird's Ratsnake", "science_name": "Pantherophis bairdi"}