{"minx": -97.75003066386938, "miny": 28.77221882790433, "maxx": -91.27171698501645, "maxy": 36.95076989572355, "real_name": "Baird's Pocket Gopher", "science_name": "Geomys breviceps"}