{"minx": -116.70756065620424, "miny": 32.60394050832937, "maxx": -114.46382433168567, "maxy": 33.93871781970151, "real_name": "Baja California Pocket Mouse", "science_name": "Chaetodipus rudinoris"}