{"minx": -116.25152417085474, "miny": 32.619841316318734, "maxx": -115.43465595008176, "maxy": 33.09839052886948, "real_name": "Baja California Ratsnake", "science_name": "Bogertophis rosaliae"}