{"minx": -116.89475240029769, "miny": 32.55535460462539, "maxx": -115.71395906353487, "maxy": 33.55162081586525, "real_name": "Baja California Brush Lizard", "science_name": "Urosaurus nigricaudus"}