{"minx": -120.9182412277898, "miny": 32.49050077848671, "maxx": -112.21220315812731, "maxy": 38.727841800573955, "real_name": "Baja California Treefrog", "science_name": "Pseudacris hypochondriaca"}