{"minx": -117.38301459777564, "miny": 32.52927581099941, "maxx": -115.93442132720622, "maxy": 33.063778685848625, "real_name": "Baja California Coachwhip", "science_name": "Coluber fuliginosus"}