{"minx": -117.43887810559929, "miny": 32.56512267356624, "maxx": -115.43465595008173, "maxy": 34.636667092498215, "real_name": "Baja California Collared Lizard", "science_name": "Crotaphytus vestigium"}