{"minx": -104.76481455839517, "miny": 30.283872917144397, "maxx": -66.90176211350195, "maxy": 49.38435789073906, "real_name": "Bald Eagle", "science_name": "Haliaeetus leucocephalus"}