{"minx": -113.70005004816362, "miny": 30.545438251555577, "maxx": -66.90176211350196, "maxy": 49.38435789073909, "real_name": "Baltimore Oriole", "science_name": "Icterus galbula"}