{"minx": -116.85804826823698, "miny": 32.595103390144935, "maxx": -115.7139590635349, "maxy": 34.115903167037665, "real_name": "Banded Rock Lizard", "science_name": "Petrosaurus mearnsi"}