{"minx": -124.82919055651315, "miny": 28.971546136987303, "maxx": -102.6386720220155, "maxy": 49.00141272067121, "real_name": "Band-tailed Pigeon", "science_name": "Patagioenas fasciata"}