{"minx": -124.43596154084551, "miny": 25.837377232568286, "maxx": -66.90176211350197, "maxy": 49.38435789073906, "real_name": "Bank Swallow", "science_name": "Riparia riparia"}