{"minx": -113.38231642603486, "miny": 29.566511052285673, "maxx": -101.39696387259998, "maxy": 37.109296698450564, "real_name": "Banner-tailed Kangaroo Rat", "science_name": "Dipodomys spectabilis"}