{"minx": -86.67665032290218, "miny": 29.541648843621076, "maxx": -83.70341446715321, "maxy": 33.776216906118975, "real_name": "Barbour's Map Turtle", "science_name": "Graptemys barbouri"}