{"minx": -121.38460677149611, "miny": 29.558500641093698, "maxx": -98.08206113260364, "maxy": 36.845947341153476, "real_name": "Barbary Sheep", "science_name": "Ammotragus lervia"}