{"minx": -91.81696425552748, "miny": 25.524979414571547, "maxx": -75.18629732842255, "maxy": 39.91511786918721, "real_name": "Barking Treefrog", "science_name": "Hyla gratiosa"}