{"minx": -111.36513331845269, "miny": 28.84333394928404, "maxx": -96.69529544543148, "maxy": 34.9411194682527, "real_name": "Barking Frog", "science_name": "Craugastor augusti"}