{"minx": -123.23328287888356, "miny": 25.837377232568322, "maxx": -94.33914103278236, "maxy": 49.00113235367329, "real_name": "Barred Tiger Salamander", "science_name": "Ambystoma mavortium"}