{"minx": -108.42813471653837, "miny": 39.49117455505431, "maxx": -105.62655192055713, "maxy": 40.90698142881398, "real_name": "Barrow's Goldeneye", "science_name": "Bucephala islandica"}