{"minx": -97.93947915494887, "miny": 30.18769990048044, "maxx": -97.53318015397875, "maxy": 30.46317127435867, "real_name": "Barton Springs Salamander", "science_name": "Eurycea sosorum"}