{"minx": -96.36775284393107, "miny": 43.094677437846705, "maxx": -66.90176211350197, "maxy": 49.38435789073909, "real_name": "Bay-breasted Warbler", "science_name": "Dendroica castanea"}