{"minx": -122.57783117570418, "miny": 36.5409637955654, "maxx": -112.86944403890662, "maxy": 46.15943497721065, "real_name": "Belding's Ground Squirrel", "science_name": "Urocitellus beldingi"}