{"minx": -123.33651987855706, "miny": 39.82139551362857, "maxx": -122.358107633954, "maxy": 40.72009197605621, "real_name": "Bell's Sage Sparrow", "science_name": "Amphispiza belli belli"}