{"minx": -121.09078125084909, "miny": 25.837377232568286, "maxx": -84.40746513896784, "maxy": 47.46521925792219, "real_name": "Bell's Vireo", "science_name": "Vireo bellii"}