{"minx": -117.61223956673636, "miny": 44.04831554321689, "maxx": -66.90176211350195, "maxy": 49.38435789073909, "real_name": "Belted Kingfisher", "science_name": "Megaceryle alcyon"}