{"minx": -118.56287678449216, "miny": 33.028930463595245, "maxx": -105.12963516195309, "maxy": 39.21613033647865, "real_name": "Bendire's Thrasher", "science_name": "Toxostoma bendirei"}