{"minx": -84.52498487820164, "miny": 35.66417733617639, "maxx": -83.84700795952983, "maxy": 36.01352884336919, "real_name": "Berry Cave Salamander", "science_name": "Gyrinophilus gulolineatus"}