{"minx": -113.01864744410692, "miny": 29.078053162378183, "maxx": -79.73895460910296, "maxy": 41.86526180457243, "real_name": "Bewick's Wren", "science_name": "Thryomanes bewickii"}