{"minx": -112.24254224274813, "miny": 32.580081926226796, "maxx": -110.08197223850283, "maxy": 34.05712697007319, "real_name": "Bezy's Night Lizard", "science_name": "Xantusia bezyi"}