{"minx": -74.87428564086706, "miny": 41.943420995468244, "maxx": -68.61429760711962, "maxy": 46.34636518524415, "real_name": "Bicknell's Thrush", "science_name": "Catharus bicknelli"}