{"minx": -106.30802449038737, "miny": 28.971546136987296, "maxx": -99.93542537777321, "maxy": 32.9496285166904, "real_name": "Big-eared Bat (australis)", "science_name": "Corynorhinus townsendii australis"}