{"minx": -122.03510942434998, "miny": 32.529275810999415, "maxx": -115.00383503415243, "maxy": 38.990033519481855, "real_name": "Big-eared Woodrat", "science_name": "Neotoma macrotis"}