{"minx": -117.82568174805355, "miny": 25.837377232568322, "maxx": -95.50464662358209, "maxy": 41.51794749569368, "real_name": "Big Free-tailed Bat", "science_name": "Nyctinomops macrotis"}