{"minx": -79.24038628517694, "miny": 37.82326143415505, "maxx": -78.88158433197783, "maxy": 38.069260502590005, "real_name": "Big Levels Salamander", "science_name": "Plethodon sherando"}