{"minx": -124.82919055651313, "miny": 25.083410362316272, "maxx": -66.90176211350195, "maxy": 49.38435789073909, "real_name": "Big Brown Bat", "science_name": "Eptesicus fuscus"}