{"minx": -121.5173887655097, "miny": 28.971546136987303, "maxx": -102.21361183799671, "maxy": 49.00139119218953, "real_name": "Bighorn Sheep", "science_name": "Ovis canadensis"}