{"minx": -95.35431002842137, "miny": 29.541648843621076, "maxx": -80.62773072751699, "maxy": 38.15012978675301, "real_name": "Bird-voiced Treefrog", "science_name": "Hyla avivoca"}