{"minx": -90.21114402626723, "miny": 29.847969004381223, "maxx": -86.72531515403529, "maxy": 32.29921271382562, "real_name": "Black Pinesnake", "science_name": "Pituophis melanoleucus lodingi"}