{"minx": -115.3359451887475, "miny": 28.714889161798183, "maxx": -97.59141121285731, "maxy": 36.624810859673794, "real_name": "Black-tailed Rattlesnake", "science_name": "Crotalus molossus"}