{"minx": -123.44569140525594, "miny": 25.837377232568286, "maxx": -93.63654005516818, "maxy": 49.00139119218955, "real_name": "Black-chinned Hummingbird", "science_name": "Archilochus alexandri"}