{"minx": -123.04624571602916, "miny": 33.56088394727772, "maxx": -91.23858841786823, "maxy": 49.38435789073909, "real_name": "Black-billed Magpie", "science_name": "Pica hudsonia"}