{"minx": -121.38460677149614, "miny": 33.02161422470069, "maxx": -117.2504970853201, "maxy": 36.42904496878616, "real_name": "Black-bellied Slender Salamander", "science_name": "Batrachoseps nigriventris"}