{"minx": -124.82919055651315, "miny": 32.529275810999415, "maxx": -116.84895416080454, "maxy": 49.00245905804304, "real_name": "Black Turnstone", "science_name": "Arenaria melanocephala"}