{"minx": -71.25113838914075, "miny": 41.19330593520253, "maxx": -69.86728154030688, "maxy": 43.058283495340156, "real_name": "Black Guillemot", "science_name": "Cepphus grylle"}