{"minx": -105.90793615672568, "miny": 25.837377232568308, "maxx": -96.29037205683437, "maxy": 36.3227456581577, "real_name": "Black-crested Titmouse", "science_name": "Baeolophus atricristatus"}