{"minx": -124.82919055651313, "miny": 24.464611132372937, "maxx": -69.86728154030689, "maxy": 49.00249428082526, "real_name": "Black-bellied Plover", "science_name": "Pluvialis squatarola"}