{"minx": -111.06339221522592, "miny": 31.401573026887537, "maxx": -108.92291883806695, "maxy": 32.91413906417745, "real_name": "Black-eared Deermouse", "science_name": "Peromyscus melanotis"}