{"minx": -114.96459161611683, "miny": 44.48281784857041, "maxx": -109.20408808573013, "maxy": 47.600077348556326, "real_name": "Black Rosy-finch", "science_name": "Leucosticte atrata"}