{"minx": -124.82919055651313, "miny": 31.50404562618241, "maxx": -102.38355787268046, "maxy": 49.00141272067123, "real_name": "Black Swift", "science_name": "Cypseloides niger"}