{"minx": -118.53906153889925, "miny": 32.099170585671665, "maxx": -103.78053231728168, "maxy": 39.84287114203235, "real_name": "Black Phoebe", "science_name": "Sayornis nigricans"}