{"minx": -82.97513191855408, "miny": 24.464611132372937, "maxx": -79.98143115950225, "maxy": 29.386930060375427, "real_name": "Black-whiskered Vireo", "science_name": "Vireo altiloquus"}