{"minx": -87.4507972218193, "miny": 24.464611132372944, "maxx": -75.46337594059759, "maxy": 36.31505765602781, "real_name": "Black Swampsnake", "science_name": "Seminatrix pygaea"}