{"minx": -97.06707388590969, "miny": 34.01018395591365, "maxx": -66.90176211350195, "maxy": 49.38435789073911, "real_name": "Blackburnian Warbler", "science_name": "Dendroica fusca"}