{"minx": -87.99414961769016, "miny": 33.00351947721839, "maxx": -85.95362009038395, "maxy": 34.587790293835916, "real_name": "Black Warrior River Waterdog", "science_name": "Necturus alabamensis"}