{"minx": -124.82919055651315, "miny": 34.570320820541674, "maxx": -66.90176211350197, "maxy": 49.38435789073911, "real_name": "Black-capped Chickadee", "science_name": "Poecile atricapillus"}