{"minx": -111.89533033688063, "miny": 29.10575317597201, "maxx": -81.04718368632865, "maxy": 35.610446027196964, "real_name": "Black-bellied Whistling-Duck", "science_name": "Dendrocygna autumnalis"}