{"minx": -122.47145635039814, "miny": 33.07518846885474, "maxx": -102.34559965962477, "maxy": 47.19841714293565, "real_name": "Black-throated Sparrow", "science_name": "Amphispiza bilineata"}