{"minx": -124.07012785505819, "miny": 35.72789561706389, "maxx": -66.97589518352362, "maxy": 49.3843578907391, "real_name": "Black-backed Woodpecker", "science_name": "Picoides arcticus"}