{"minx": -81.32833074082554, "miny": 31.34523954011321, "maxx": -81.12442210710812, "maxy": 31.551539302066153, "real_name": "Blackbeard Island Deer", "science_name": "Odocoileus virginianus nigribarbis"}