{"minx": -113.64422373148653, "miny": 34.47909413423951, "maxx": -102.14047513754095, "maxy": 47.897518536278575, "real_name": "Black-footed Ferret", "science_name": "Mustela nigripes"}