{"minx": -105.7529790554801, "miny": 43.50303303529146, "maxx": -103.02959665833453, "maxy": 44.89271717508165, "real_name": "Black Hills Red-backed Vole", "science_name": "Myodes gapperi brevicaudus"}