{"minx": -103.83699297548556, "miny": 28.971546136987296, "maxx": -96.6642327220138, "maxy": 35.69068982510411, "real_name": "Black-capped Vireo", "science_name": "Vireo atricapilla"}