{"minx": -108.26904710935045, "miny": 30.033985749807716, "maxx": -66.90176211350197, "maxy": 49.38435789073909, "real_name": "Black-and-White Warbler", "science_name": "Mniotilta varia"}