{"minx": -112.1129364981459, "miny": 32.05799361872728, "maxx": -66.90176211350196, "maxy": 49.38435789073909, "real_name": "Black-billed Cuckoo", "science_name": "Coccyzus erythropthalmus"}