{"minx": -113.76303443653529, "miny": 24.68871080443756, "maxx": -71.15499180199615, "maxy": 41.84429913766083, "real_name": "Black Vulture", "science_name": "Coragyps atratus"}