{"minx": -124.82919055651313, "miny": 31.332177073329653, "maxx": -102.93889628346402, "maxy": 49.00249428082524, "real_name": "Black-throated Gray Warbler", "science_name": "Dendroica nigrescens"}