{"minx": -118.49948203557769, "miny": 37.11917159108125, "maxx": -117.88069360979061, "maxy": 37.44486381802656, "real_name": "Black Toad", "science_name": "Anaxyrus exsul"}