{"minx": -124.47443617035333, "miny": 36.80334772643589, "maxx": -121.41472654751925, "maxy": 42.565011138364085, "real_name": "Black Salamander", "science_name": "Aneides flavipunctatus"}