{"minx": -117.22412483590558, "miny": 27.195046306001586, "maxx": -98.74957383384843, "maxy": 38.38342070225376, "real_name": "Black-tailed Gnatcatcher", "science_name": "Polioptila melanura"}