{"minx": -85.53495030392484, "miny": 35.575319702427805, "maxx": -81.81802226758253, "maxy": 38.514328320755546, "real_name": "Black Mountain Salamander", "science_name": "Desmognathus welteri"}