{"minx": -124.82919055651313, "miny": 26.816675485294706, "maxx": -66.90176211350195, "maxy": 49.002425450260866, "real_name": "Black Scoter", "science_name": "Melanitta nigra"}