{"minx": -122.8473027547809, "miny": 31.548691717008847, "maxx": -104.13428793420256, "maxy": 40.68320970928572, "real_name": "Black-chinned Sparrow", "science_name": "Spizella atrogularis"}