{"minx": -124.47705377229163, "miny": 25.837377232568322, "maxx": -92.10543386481108, "maxy": 48.3047216782323, "real_name": "Black-tailed Jackrabbit", "science_name": "Lepus californicus"}