{"minx": -116.36060977465577, "miny": 32.86837602252162, "maxx": -70.45587222862402, "maxy": 42.3893149902385, "real_name": "Black Skimmer", "science_name": "Rynchops niger"}