{"minx": -113.92789215592806, "miny": 28.808667023881245, "maxx": -97.1229597630567, "maxy": 39.03617295982618, "real_name": "Black-necked Gartersnake", "science_name": "Thamnophis cyrtopsis"}