{"minx": -92.75083142475519, "miny": 34.01018395591368, "maxx": -67.38486909071771, "maxy": 48.363134788000075, "real_name": "Black-throated Blue Warbler", "science_name": "Dendroica caerulescens"}