{"minx": -75.76292066042879, "miny": 41.303379404399216, "maxx": -66.90176211350197, "maxy": 47.45968562690075, "real_name": "Blackpoll Warbler", "science_name": "Dendroica striata"}