{"minx": -122.45757930737322, "miny": 32.576535084959104, "maxx": -116.79182661109515, "maxy": 38.39939988134192, "real_name": "Black Oystercatcher", "science_name": "Haematopus bachmani"}