{"minx": -84.81045718239778, "miny": 34.110193621806346, "maxx": -79.60610301612385, "maxy": 38.35148926281515, "real_name": "Black-bellied Salamander", "science_name": "Desmognathus quadramaculatus"}