{"minx": -105.21075630903228, "miny": 36.8672201367338, "maxx": -74.24390314328936, "maxy": 39.86852304184072, "real_name": "Black Rail", "science_name": "Laterallus jamaicensis"}