{"minx": -113.16374763019647, "miny": 29.067517018976076, "maxx": -96.09706162062271, "maxy": 49.00113235367329, "real_name": "Black-tailed Prairie Dog", "science_name": "Cynomys ludovicianus"}