{"minx": -123.66419094034302, "miny": 35.1893861502095, "maxx": -67.06701761321638, "maxy": 49.38435789073906, "real_name": "Black Tern", "science_name": "Chlidonias niger"}