{"minx": -95.27626221476066, "miny": 32.41885219393897, "maxx": -66.90176211350195, "maxy": 48.98696296294167, "real_name": "Black-throated Green Warbler", "science_name": "Dendroica virens"}