{"minx": -98.68768019372048, "miny": 25.837377232568286, "maxx": -96.41156064012591, "maxy": 28.51788996781553, "real_name": "Black-spotted Newt", "science_name": "Notophthalmus meridionalis"}