{"minx": -123.31914434494415, "miny": 25.083410362316272, "maxx": -75.15065131788427, "maxy": 48.61032626829093, "real_name": "Black-necked Stilt", "science_name": "Himantopus mexicanus"}