{"minx": -124.82919055651313, "miny": 28.971546136987303, "maxx": -96.50513434243241, "maxy": 49.00249428082526, "real_name": "Black-headed Grosbeak", "science_name": "Pheucticus melanocephalus"}