{"minx": -89.29777762848977, "miny": 30.14900577276596, "maxx": -85.21118034328289, "maxy": 34.934282985817106, "real_name": "Black-knobbed Map Turtle", "science_name": "Graptemys nigrinoda"}