{"minx": -124.66824152407844, "miny": 30.474389704158884, "maxx": -66.90176211350195, "maxy": 49.00139119218951, "real_name": "Black-crowned Night-heron", "science_name": "Nycticorax nycticorax"}