{"minx": -122.90362188157172, "miny": 32.52927581099941, "maxx": -115.51870566402187, "maxy": 41.94789788540935, "real_name": "Blainville's Horned Lizard", "science_name": "Phrynosoma blainvillii"}