{"minx": -102.35563706347905, "miny": 38.61984990104467, "maxx": -70.15175130028315, "maxy": 47.4045660036364, "real_name": "Blanding's Turtle", "science_name": "Emydoidea blandingii"}