{"minx": -98.15310849181392, "miny": 29.79308518530634, "maxx": -97.77624799973407, "maxy": 30.02756311927116, "real_name": "Blanco Blind Salamander", "science_name": "Eurycea robusta"}