{"minx": -82.33521967723583, "miny": 35.74060326026301, "maxx": -79.93958606412286, "maxy": 37.013520557342666, "real_name": "Blue Ridge Dusky Salamander", "science_name": "Desmognathus orestes"}