{"minx": -84.84010526456491, "miny": 34.29591694537781, "maxx": -79.65412769607508, "maxy": 37.392836497175, "real_name": "Blue Ridge Two-lined Salamander", "science_name": "Eurycea wilderae"}