{"minx": -99.17557422741147, "miny": 32.77879942299654, "maxx": -69.09841487695475, "maxy": 44.878091137521224, "real_name": "Blue-winged Warbler", "science_name": "Vermivora pinus"}