{"minx": -122.66220929257919, "miny": 25.837377232568322, "maxx": -73.89305499753944, "maxy": 46.81977187477599, "real_name": "Blue Grosbeak", "science_name": "Passerina caerulea"}