{"minx": -103.03143810654713, "miny": 26.574345462068067, "maxx": -96.88720999837878, "maxy": 36.53056857337152, "real_name": "Blue Jay", "science_name": "Cyanocitta cristata"}