{"minx": -96.49867577297466, "miny": 32.95853902658753, "maxx": -66.90176211350197, "maxy": 49.38435789073909, "real_name": "Blue-headed Vireo", "science_name": "Vireo solitarius"}