{"minx": -111.37993826414004, "miny": 29.296517755370104, "maxx": -103.20632546014411, "maxy": 35.50140132885253, "real_name": "Blue-throated Hummingbird", "science_name": "Lampornis clemenciae"}