{"minx": -124.47443617035333, "miny": 28.494998667470906, "maxx": -68.12998764494442, "maxy": 46.51623609358161, "real_name": "Blue-gray Gnatcatcher", "science_name": "Polioptila caerulea"}