{"minx": -82.67234322696486, "miny": 35.223323867437635, "maxx": -81.96941260123876, "maxy": 35.74844465949915, "real_name": "Blue Ridge Gray-cheeked Salamander", "science_name": "Plethodon amplus"}