{"minx": -124.61265660754498, "miny": 31.67818864114438, "maxx": -66.90176211350195, "maxy": 49.38435789073909, "real_name": "Blue-winged Teal", "science_name": "Anas discors"}