{"minx": -96.66584539949254, "miny": 40.062492946251425, "maxx": -66.90176211350197, "maxy": 49.3843578907391, "real_name": "Blue-spotted Salamander", "science_name": "Ambystoma laterale"}