{"minx": -121.24435210844226, "miny": 34.70250659509019, "maxx": -118.43803822124634, "maxy": 37.331124134213894, "real_name": "Blunt-nosed Leopard Lizard", "science_name": "Gambelia sila"}