{"minx": -96.65382431061963, "miny": 28.28014457730018, "maxx": -95.3329961474228, "maxy": 29.324036701184454, "real_name": "Boat-tailed Grackle", "science_name": "Quiscalus major"}