{"minx": -124.82919055651313, "miny": 24.96907826735919, "maxx": -66.90176211350195, "maxy": 49.38435789073909, "real_name": "Bobcat", "science_name": "Lynx rufus"}