{"minx": -121.51137868897743, "miny": 37.00598976387965, "maxx": -66.90176211350195, "maxy": 49.38435789073906, "real_name": "Bobolink", "science_name": "Dolichonyx oryzivorus"}