{"minx": -84.79983981687056, "miny": 34.291853758911294, "maxx": -79.25483208336517, "maxy": 37.369420667362924, "real_name": "Bog Turtle", "science_name": "Glyptemys muhlenbergii"}