{"minx": -122.80132342125364, "miny": 36.324228266169946, "maxx": -66.90176211350195, "maxy": 49.38435789073909, "real_name": "Bohemian Waxwing", "science_name": "Bombycilla garrulus"}