{"minx": -124.82919055651313, "miny": 24.464611132372937, "maxx": -66.90176211350195, "maxy": 49.002425450260866, "real_name": "Bonaparte's Gull", "science_name": "Chroicocephalus philadelphia"}