{"minx": -117.36024125478262, "miny": 31.332172207742722, "maxx": -72.50205439643548, "maxy": 49.38435789073909, "real_name": "Boreal Chorus Frog", "science_name": "Pseudacris maculata"}