{"minx": -122.32319915648497, "miny": 46.46634483109532, "maxx": -116.83579370266787, "maxy": 48.17233113357246, "real_name": "Boreal Owl", "science_name": "Aegolius funereus"}