{"minx": -121.0556209912052, "miny": 43.75874735543601, "maxx": -66.90176211350195, "maxy": 49.3843578907391, "real_name": "Boreal Chickadee", "science_name": "Poecile hudsonica"}