{"minx": -124.47443617035339, "miny": 28.97154613698727, "maxx": -100.60408923922259, "maxy": 42.764160510077495, "real_name": "Botta's Pocket Gopher", "science_name": "Thomomys bottae"}