{"minx": -112.69075057665765, "miny": 25.837377232568286, "maxx": -97.09609769471824, "maxy": 32.89745620262069, "real_name": "Botteri's Sparrow", "science_name": "Aimophila botterii"}