{"minx": -124.82919055651315, "miny": 32.529275810999415, "maxx": -116.87118862458834, "maxy": 49.002425450260866, "real_name": "Brandt's Cormorant", "science_name": "Phalacrocorax penicillatus"}