{"minx": -124.50627377069823, "miny": 32.529275810999415, "maxx": -69.86728154030689, "maxy": 49.00245905804304, "real_name": "Brant", "science_name": "Branta bernicla"}