{"minx": -100.5742647288031, "miny": 31.652523133364053, "maxx": -96.42947687572246, "maxy": 33.94738429410275, "real_name": "Brazos River Watersnake", "science_name": "Nerodia harteri"}