{"minx": -123.04624571602913, "miny": 34.09929967456973, "maxx": -101.4595869876008, "maxy": 49.00139119218953, "real_name": "Brewer's Sparrow", "science_name": "Spizella breweri"}