{"minx": -115.51852853181335, "miny": 36.76671040408746, "maxx": -82.11648988788994, "maxy": 49.38435789073909, "real_name": "Brewer's Blackbird", "science_name": "Euphagus cyanocephalus"}