{"minx": -112.34185360174494, "miny": 31.332172207742722, "maxx": -107.73395643158733, "maxy": 34.80191359583442, "real_name": "Bridled Titmouse", "science_name": "Baeolophus wollweberi"}