{"minx": -82.70048747432973, "miny": 31.68894842708685, "maxx": -75.40432755921591, "maxy": 37.58507285530466, "real_name": "Brimley's Chorus Frog", "science_name": "Pseudacris brimleyi"}