{"minx": -124.47443617035336, "miny": 32.52927581099941, "maxx": -115.90158283220418, "maxy": 43.72452978123818, "real_name": "Broad-footed Mole", "science_name": "Scapanus latimanus"}