{"minx": -98.2670277505625, "miny": 27.946132358556373, "maxx": -74.59041309152398, "maxy": 41.70696515968879, "real_name": "Broad-headed Skink", "science_name": "Plestiodon laticeps"}