{"minx": -111.30072279663857, "miny": 31.332172207742722, "maxx": -107.73395643158733, "maxy": 33.02795928797437, "real_name": "Broad-billed Hummingbird", "science_name": "Cynanthus latirostris"}