{"minx": -119.32370764925498, "miny": 28.97154613698727, "maxx": -102.58542013555191, "maxy": 45.85272766323983, "real_name": "Broad-tailed Hummingbird", "science_name": "Selasphorus platycercus"}