{"minx": -98.118760201972, "miny": 28.875800600504995, "maxx": -66.90176211350197, "maxy": 49.38435789073909, "real_name": "Broad-winged Hawk", "science_name": "Buteo platypterus"}