{"minx": -115.33853029055987, "miny": 26.98336401427332, "maxx": -88.8114366484773, "maxy": 36.04321210254254, "real_name": "Bronzed Cowbird", "science_name": "Molothrus aeneus"}