{"minx": -119.22358714429886, "miny": 25.837377232568308, "maxx": -96.90480840946502, "maxy": 39.3028520547791, "real_name": "Brown-crested Flycatcher", "science_name": "Myiarchus tyrannulus"}