{"minx": -113.2001218564326, "miny": 33.59981540197883, "maxx": -69.281863767138, "maxy": 49.38435789073906, "real_name": "Brown Thrasher", "science_name": "Toxostoma rufum"}