{"minx": -124.82919055651313, "miny": 32.392180978262694, "maxx": -66.90176211350195, "maxy": 49.38435789073906, "real_name": "Brown-headed Cowbird", "science_name": "Molothrus ater"}