{"minx": -111.91767494988494, "miny": 31.332177073329678, "maxx": -110.34447002179934, "maxy": 32.68999108839249, "real_name": "Brown Vinesnake", "science_name": "Oxybelis aeneus"}