{"minx": -88.08552577038249, "miny": 24.464611132372937, "maxx": -75.40432755921594, "maxy": 38.2614458431997, "real_name": "Brown Watersnake", "science_name": "Nerodia taxispilota"}