{"minx": -122.97421048288284, "miny": 25.837377232568308, "maxx": -73.91161540617908, "maxy": 49.001132353673256, "real_name": "Brown Creeper", "science_name": "Certhia americana"}