{"minx": -108.63970013700087, "miny": 35.609825836791664, "maxx": -104.91037444151446, "maxy": 41.58683461179628, "real_name": "Brown-capped Rosy-finch", "science_name": "Leucosticte australis"}