{"minx": -99.53803481960897, "miny": 26.201247290357877, "maxx": -98.32153006835274, "maxy": 27.615462769676803, "real_name": "Brown Jay", "science_name": "Cyanocorax morio"}