{"minx": -95.7156542031645, "miny": 24.96907826735919, "maxx": -75.09969141302618, "maxy": 38.33503847790085, "real_name": "Brown-headed Nuthatch", "science_name": "Sitta pusilla"}