{"minx": -123.31579447450889, "miny": 43.37834467177593, "maxx": -108.86317821193353, "maxy": 49.00249428082524, "real_name": "Brown Bear", "science_name": "Ursus arctos"}