{"minx": -124.82919055651313, "miny": 34.48784383024369, "maxx": -74.05668267587009, "maxy": 48.318216016182404, "real_name": "Brown Pelican", "science_name": "Pelecanus occidentalis"}