{"minx": -124.66824152407841, "miny": 32.52927581099941, "maxx": -115.7615702243304, "maxy": 46.26830143928282, "real_name": "Brush Rabbit", "science_name": "Sylvilagus bachmani"}