{"minx": -123.93070302292038, "miny": 28.971546136987314, "maxx": -102.66722147584233, "maxy": 42.1254638060985, "real_name": "Brush Deermouse", "science_name": "Peromyscus boylii"}