{"minx": -119.94982941993604, "miny": 34.94002867170745, "maxx": -118.96500901407548, "maxy": 36.346517572029335, "real_name": "Buena Vista Lake Shrew", "science_name": "Sorex ornatus relictus"}