{"minx": -99.29644078102906, "miny": 26.036338117461916, "maxx": -85.55875026092889, "maxy": 31.153436995083325, "real_name": "Buff-bellied Hummingbird", "science_name": "Amazilia yucatanensis"}