{"minx": -122.41926300971555, "miny": 42.97278233549165, "maxx": -84.10795671467417, "maxy": 49.00114552272882, "real_name": "Bufflehead", "science_name": "Bucephala albeola"}