{"minx": -110.65269604143344, "miny": 31.332172207742722, "maxx": -108.9534932126441, "maxy": 32.313085918144445, "real_name": "Buff-breasted Flycatcher", "science_name": "Empidonax fulvifrons"}