{"minx": -124.54759843768532, "miny": 26.36946013494487, "maxx": -96.46358142287707, "maxy": 49.00245905804304, "real_name": "Bullock's Oriole", "science_name": "Icterus bullockii"}