{"minx": -99.538034819609, "miny": 26.201247290357877, "maxx": -98.15771500661192, "maxy": 27.488738128638108, "real_name": "Burrowing Toad", "science_name": "Rhinophrynus dorsalis"}