{"minx": -124.47082537551587, "miny": 32.603636914999484, "maxx": -95.53103876290947, "maxy": 49.0011323536733, "real_name": "Burrowing Owl", "science_name": "Athene cunicularia"}