{"minx": -124.7349751050064, "miny": 26.044731210789237, "maxx": -97.22295638621299, "maxy": 49.00249428082526, "real_name": "Bushtit", "science_name": "Psaltriparus minimus"}