{"minx": -124.82919055651313, "miny": 34.34984194455621, "maxx": -100.39782477371355, "maxy": 49.00249428082524, "real_name": "Bushy-tailed Woodrat", "science_name": "Neotoma cinerea"}