{"minx": -88.86226659761019, "miny": 39.23983181089714, "maxx": -81.33604117981193, "maxy": 45.73649645561999, "real_name": "Butler's Gartersnake", "science_name": "Thamnophis butleri"}