{"minx": -124.17321288734432, "miny": 25.837377232568322, "maxx": -91.50060425721104, "maxy": 47.081167368478894, "real_name": "Cackling Goose", "science_name": "Branta hutchinsii"}