{"minx": -120.25250341187765, "miny": 27.653170766838702, "maxx": -99.28571057385862, "maxy": 37.63784352128093, "real_name": "Cactus Deermouse", "science_name": "Peromyscus eremicus"}