{"minx": -119.47429899635831, "miny": 25.837377232568286, "maxx": -96.88954512689276, "maxy": 38.84262187314139, "real_name": "Cactus Wren", "science_name": "Campylorhynchus brunneicapillus"}