{"minx": -94.5264800603342, "miny": 34.1301761475916, "maxx": -93.34592059430769, "maxy": 34.7032526648482, "real_name": "Caddo Mountain Salamander", "science_name": "Plethodon caddoensis"}