{"minx": -99.60639068894143, "miny": 28.645882764697557, "maxx": -96.73331008783677, "maxy": 30.323098371400338, "real_name": "Cagle's Map Turtle", "science_name": "Graptemys caglei"}