{"minx": -117.82086062879965, "miny": 31.332177073329678, "maxx": -108.38567670870599, "maxy": 36.9651614918373, "real_name": "Californian Leaf-nosed Bat", "science_name": "Macrotus californicus"}