{"minx": -124.47443617035333, "miny": 32.52927581099941, "maxx": -116.05143780420808, "maxy": 44.68609715566103, "real_name": "California Vole", "science_name": "Microtus californicus"}