{"minx": -124.82919055651318, "miny": 32.529275810999415, "maxx": -108.90474162510068, "maxy": 49.00249428082526, "real_name": "California Quail", "science_name": "Callipepla californica"}