{"minx": -122.90362188157172, "miny": 32.529275810999415, "maxx": -115.94869812063953, "maxy": 38.56040559888569, "real_name": "California Deermouse", "science_name": "Peromyscus californicus"}