{"minx": -122.03510942435, "miny": 35.059391810819236, "maxx": -118.25911532206489, "maxy": 37.35638482432039, "real_name": "California Condor", "science_name": "Gymnogyps californianus"}