{"minx": -121.38460677149614, "miny": 32.52927581099941, "maxx": -115.8775295016997, "maxy": 36.00134673978685, "real_name": "California Treefrog", "science_name": "Pseudacris cadaverina"}