{"minx": -124.27396092119653, "miny": 32.58856762070383, "maxx": -115.94028484107231, "maxy": 43.50453286004474, "real_name": "California Mountain Kingsnake", "science_name": "Lampropeltis zonata"}