{"minx": -123.18843697673688, "miny": 37.25899133953988, "maxx": -96.48625070340674, "maxy": 49.001132353673256, "real_name": "California Gull", "science_name": "Larus californicus"}