{"minx": -122.9036218815717, "miny": 32.52927581099941, "maxx": -116.84895416080451, "maxy": 37.967168015081505, "real_name": "California Least Tern", "science_name": "Sternula antillarum browni"}