{"minx": -123.80820631789499, "miny": 37.63241181778035, "maxx": -119.78299639809023, "maxy": 43.13414857454199, "real_name": "California Kangaroo Rat", "science_name": "Dipodomys californicus"}