{"minx": -122.42171556974259, "miny": 32.52927581099941, "maxx": -116.08978994479439, "maxy": 38.267652699994464, "real_name": "California Legless Lizard", "science_name": "Anniella pulchra"}