{"minx": -123.83640523453984, "miny": 32.55535460462539, "maxx": -116.08978994479442, "maxy": 40.758805297114336, "real_name": "California Red-legged Frog", "science_name": "Rana draytonii"}