{"minx": -123.89270752189904, "miny": 32.681874530175776, "maxx": -116.48278833864757, "maxy": 39.93743152036656, "real_name": "California Newt", "science_name": "Taricha torosa"}