{"minx": -124.82919055651315, "miny": 34.48784383024369, "maxx": -120.42333479556311, "maxy": 48.318216016182404, "real_name": "California Brown Pelican", "science_name": "Pelecanus occidentalis californicus"}