{"minx": -122.13957451689907, "miny": 35.51655000020223, "maxx": -118.75110133025966, "maxy": 40.271417516709526, "real_name": "California Spotted Owl", "science_name": "Strix occidentalis occidentalis"}