{"minx": -124.82919055651313, "miny": 41.962417861872275, "maxx": -121.90262980967685, "maxy": 49.002425450260866, "real_name": "California Sealion", "science_name": "Zalophus californianus"}