{"minx": -123.80051440747432, "miny": 36.66754734215246, "maxx": -121.18868677737406, "maxy": 39.46834928917606, "real_name": "California Giant Salamander", "science_name": "Dicamptodon ensatus"}