{"minx": -124.82919055651315, "miny": 28.971546136987303, "maxx": -101.97604764033821, "maxy": 49.00249428082526, "real_name": "Californian Myotis", "science_name": "Myotis californicus"}