{"minx": -123.02215880278247, "miny": 32.73047344534376, "maxx": -114.04762627317122, "maxy": 41.23281677062844, "real_name": "California Black Rail", "science_name": "Laterallus jamaicensis coturniculus"}