{"minx": -122.47600485606078, "miny": 32.52927581099941, "maxx": -115.90158283220416, "maxy": 38.92948879514628, "real_name": "California Pocket Mouse", "science_name": "Chaetodipus californicus"}