{"minx": -124.66824152407844, "miny": 32.52927581099941, "maxx": -115.69200723931476, "maxy": 47.017274943890726, "real_name": "California Ground Squirrel", "science_name": "Otospermophilus beecheyi"}