{"minx": -124.66824152407844, "miny": 36.55221945564596, "maxx": -119.95144811441175, "maxy": 43.08034830928715, "real_name": "California Slender Salamander", "science_name": "Batrachoseps attenuatus"}