{"minx": -117.630083473612, "miny": 32.60394050832937, "maxx": -115.1395785847693, "maxy": 34.566920883268885, "real_name": "California Chipmunk", "science_name": "Tamias obscurus"}