{"minx": -122.99562936046964, "miny": 34.55730810717688, "maxx": -119.03070136915676, "maxy": 39.01779902967762, "real_name": "California Tiger Salamander", "science_name": "Ambystoma californiense"}