{"minx": -124.20359876441266, "miny": 32.529275810999366, "maxx": -115.9344213272062, "maxy": 42.074085730413294, "real_name": "California Thrasher", "science_name": "Toxostoma redivivum"}