{"minx": -118.76235828323969, "miny": 32.52927581099941, "maxx": -116.53298797779742, "maxy": 34.228385253842575, "real_name": "California Gnatcatcher", "science_name": "Polioptila californica"}