{"minx": -124.47443617035336, "miny": 32.52927581099941, "maxx": -115.9344213272062, "maxy": 43.274362159913494, "real_name": "California Towhee", "science_name": "Pipilo crissalis"}