{"minx": -124.1847536260485, "miny": 33.46266345491786, "maxx": -107.57012543247858, "maxy": 49.00141272067123, "real_name": "Calliope Hummingbird", "science_name": "Stellula calliope"}