{"minx": -123.75851779123703, "miny": 43.90748867485668, "maxx": -122.1188542205454, "maxy": 45.794832426453254, "real_name": "Camas Pocket Gopher", "science_name": "Thomomys bulbivorus"}