{"minx": -123.68361519559456, "miny": 43.052925212682624, "maxx": -67.03251487114512, "maxy": 49.38435789073909, "real_name": "Canada Goose", "science_name": "Branta canadensis"}