{"minx": -120.88566577472182, "miny": 36.712885139750334, "maxx": -67.78895993952271, "maxy": 49.38435789073911, "real_name": "Canadian Lynx", "science_name": "Lynx canadensis"}