{"minx": -95.28057350879855, "miny": 34.01018395591365, "maxx": -66.90176211350195, "maxy": 49.38435789073911, "real_name": "Canada Warbler", "science_name": "Wilsonia canadensis"}