{"minx": -106.20484989904735, "miny": 42.447960730280904, "maxx": -94.14004081243202, "maxy": 49.09049740004671, "real_name": "Canadian Toad", "science_name": "Anaxyrus hemiophrys"}