{"minx": -100.22254929866526, "miny": 24.464611132372944, "maxx": -79.98143115950224, "maxy": 28.506605192371374, "real_name": "Cane Toad", "science_name": "Rhinella marinus"}