{"minx": -121.7937867879373, "miny": 36.263748971776586, "maxx": -76.45673890076534, "maxy": 49.00139119218953, "real_name": "Canvasback", "science_name": "Aythya valisineria"}