{"minx": -114.04972720074902, "miny": 31.33217220774269, "maxx": -108.74186733292815, "maxy": 33.59660532269265, "real_name": "Canyon Spotted Whiptail", "science_name": "Aspidoscelis burti"}