{"minx": -114.39904800406211, "miny": 28.971546136987296, "maxx": -102.30709002405189, "maxy": 39.54340245082653, "real_name": "Canyon Treefrog", "science_name": "Hyla arenicolor"}