{"minx": -105.08235985038394, "miny": 28.971546136987296, "maxx": -99.64672604574832, "maxy": 32.293229267192544, "real_name": "Canyon Lizard", "science_name": "Sceloporus merriami"}