{"minx": -123.85854886641764, "miny": 27.904704240788448, "maxx": -97.99032885048652, "maxy": 49.00141272067123, "real_name": "Canyon Wren", "science_name": "Catherpes mexicanus"}