{"minx": -122.21815438652197, "miny": 32.052975811365, "maxx": -106.92731508736996, "maxy": 45.60268259887969, "real_name": "Canyon Deermouse", "science_name": "Peromyscus crinitus"}