{"minx": -114.30681280697777, "miny": 28.971546136987303, "maxx": -97.01621094145351, "maxy": 39.49490234098102, "real_name": "Canyon Towhee", "science_name": "Pipilo fuscus"}