{"minx": -96.59167674117869, "miny": 44.013387152291564, "maxx": -66.90176211350195, "maxy": 49.38435789073909, "real_name": "Cape May Warbler", "science_name": "Dendroica tigrina"}