{"minx": -84.4882964708348, "miny": 34.90267206977965, "maxx": -80.86146343570955, "maxy": 37.32282158681171, "real_name": "Carolina Northern Flying Squirrel", "science_name": "Glaucomys sabrinus coloratus"}