{"minx": -83.30315449827714, "miny": 35.31403509423614, "maxx": -81.69192442768487, "maxy": 36.41770686109382, "real_name": "Carolina Mountain Dusky Salamander", "science_name": "Desmognathus carolinensis"}