{"minx": -101.57354343072858, "miny": 24.68871080443752, "maxx": -68.11837546424094, "maxy": 45.01532660828222, "real_name": "Carolina Wren", "science_name": "Thryothorus ludovicianus"}