{"minx": -102.65265581015625, "miny": 27.223238672908288, "maxx": -73.91161540617907, "maxy": 41.45396327198194, "real_name": "Carolina Chickadee", "science_name": "Poecile carolinensis"}