{"minx": -82.7851204574443, "miny": 30.012381668933106, "maxx": -75.40432755921596, "maxy": 38.38835912522707, "real_name": "Carpenter Frog", "science_name": "Lithobates virgatipes"}