{"minx": -99.69398898956258, "miny": 29.42152828293029, "maxx": -98.08478409884503, "maxy": 30.263784356159533, "real_name": "Cascade Caverns Salamander", "science_name": "Eurycea latitans"}