{"minx": -124.82919055651315, "miny": 39.741103673787336, "maxx": -119.73321554264356, "maxy": 49.00249428082528, "real_name": "Cascades Frog", "science_name": "Rana cascadae"}