{"minx": -122.4218023847483, "miny": 45.678961464677506, "maxx": -119.56503528700657, "maxy": 49.00141272067123, "real_name": "Cascade Golden-mantled Ground Squirrel", "science_name": "Callospermophilus saturatus"}