{"minx": -123.34012457624117, "miny": 43.749989907197254, "maxx": -121.06667916335736, "maxy": 47.11157512691253, "real_name": "Cascade Torrent Salamander", "science_name": "Rhyacotriton cascadae"}