{"minx": -124.7956759825945, "miny": 27.338702297190473, "maxx": -75.21337542134304, "maxy": 49.002425450260866, "real_name": "Caspian Tern", "science_name": "Hydroprogne caspia"}