{"minx": -123.8941631949558, "miny": 40.15311104865384, "maxx": -103.18221445171379, "maxy": 49.00141272067121, "real_name": "Cassin's Finch", "science_name": "Carpodacus cassinii"}