{"minx": -124.82919055651313, "miny": 32.52927581099941, "maxx": -116.84895416080451, "maxy": 48.49633403761371, "real_name": "Cassin's Auklet", "science_name": "Ptychoramphus aleuticus"}