{"minx": -124.66824152407841, "miny": 32.72944431965241, "maxx": -109.7193054064207, "maxy": 49.00249428082524, "real_name": "Cassin's Vireo", "science_name": "Vireo cassinii"}