{"minx": -121.86288970802256, "miny": 29.278937420908374, "maxx": -101.31671891754144, "maxy": 46.32700099759202, "real_name": "Cassin's Kingbird", "science_name": "Tyrannus vociferans"}