{"minx": -114.56465396365364, "miny": 31.781991520568877, "maxx": -97.03327533579947, "maxy": 43.01348100223826, "real_name": "Cassin's Sparrow", "science_name": "Aimophila cassinii"}