{"minx": -98.6079619449053, "miny": 25.837377232568286, "maxx": -97.08230976984538, "maxy": 27.715486449888893, "real_name": "Cat-eyed Snake", "science_name": "Leptodeira septentrionalis"}