{"minx": -123.9446084581979, "miny": 27.364340761803035, "maxx": -70.7007306322467, "maxy": 48.98721454432153, "real_name": "Cattle Egret", "science_name": "Bubulcus ibis"}