{"minx": -95.281999969637, "miny": 32.96236498672181, "maxx": -78.0497321952657, "maxy": 40.414769979469774, "real_name": "Cave Salamander", "science_name": "Eurycea lucifuga"}