{"minx": -114.99863903149561, "miny": 26.036338117461895, "maxx": -96.63332230966633, "maxy": 40.37530413824698, "real_name": "Cave Myotis", "science_name": "Myotis velifer"}