{"minx": -107.77631831577105, "miny": 24.464611132372944, "maxx": -79.9952394307086, "maxy": 34.34142794025765, "real_name": "Cave Swallow", "science_name": "Petrochelidon fulva"}