{"minx": -89.83043637554321, "miny": 44.9179719562262, "maxx": -67.38486909071769, "maxy": 48.30415077395425, "real_name": "Cedar Waxwing", "science_name": "Bombycilla cedrorum"}