{"minx": -99.89969053350255, "miny": 28.778349827108876, "maxx": -98.01522074263579, "maxy": 31.763395077366418, "real_name": "Central Texas Pocket Gopher", "science_name": "Geomys texensis"}