{"minx": -101.3737326866872, "miny": 25.837377232568322, "maxx": -96.41156064012591, "maxy": 30.490277416028615, "real_name": "Central American Indigo Snake", "science_name": "Drymarchon melanurus"}