{"minx": -96.65514603405823, "miny": 31.886597533662552, "maxx": -71.54931578932468, "maxy": 46.48025679032454, "real_name": "Cerulean Warbler", "science_name": "Dendroica cerulea"}