{"minx": -83.286709145377, "miny": 32.546253992587275, "maxx": -76.5180910207206, "maxy": 36.580059398666265, "real_name": "Chamberlain's Dwarf Salamander", "science_name": "Eurycea chamberlaini"}