{"minx": -120.51991203252281, "miny": 33.573640588687084, "maxx": -119.16026179150452, "maxy": 34.26442671096201, "real_name": "Channel Islands Slender Salamander", "science_name": "Batrachoseps pacificus"}