{"minx": -84.84010526456494, "miny": 34.372323915820594, "maxx": -83.03819400565591, "maxy": 35.288671605654606, "real_name": "Chattahoochee Slimy Salamander", "science_name": "Plethodon chattahoochee"}