{"minx": -80.16813261350129, "miny": 38.30148704046876, "maxx": -79.18242992738391, "maxy": 39.182172975789314, "real_name": "Cheat Mountain Salamander", "science_name": "Plethodon nettingi"}