{"minx": -116.08423104440578, "miny": 25.837377232568286, "maxx": -95.50464662358208, "maxy": 37.99050564380443, "real_name": "Checkered Gartersnake", "science_name": "Thamnophis marcianus"}