{"minx": -83.81104763979685, "miny": 35.1726313408989, "maxx": -83.55765013734091, "maxy": 35.42861480741739, "real_name": "Cheoah Bald Salamander", "science_name": "Plethodon cheoah"}