{"minx": -124.82919055651315, "miny": 34.48784383024368, "maxx": -112.22466741044317, "maxy": 49.00249428082526, "real_name": "Chestnut-backed Chickadee", "science_name": "Poecile rufescens"}