{"minx": -113.7000500481636, "miny": 39.3487962708524, "maxx": -96.1409049690554, "maxy": 49.001132353673256, "real_name": "Chestnut-collared Longspur", "science_name": "Calcarius ornatus"}