{"minx": -97.22255679669642, "miny": 34.49505946323908, "maxx": -66.90176211350197, "maxy": 49.38435789073909, "real_name": "Chestnut-sided Warbler", "science_name": "Dendroica pensylvanica"}