{"minx": -97.97619947849564, "miny": 24.464611132372944, "maxx": -75.40432755921594, "maxy": 37.276393893567594, "real_name": "Chicken Turtle", "science_name": "Deirochelys reticularia"}