{"minx": -109.03034013498149, "miny": 28.971546136987303, "maxx": -101.25709154398625, "maxy": 38.19679107838153, "real_name": "Chihuahuan Grasshopper Mouse", "science_name": "Onychomys arenicola"}