{"minx": -108.98885464246612, "miny": 28.971546136987314, "maxx": -100.80338938326368, "maxy": 33.646953585846425, "real_name": "Chihuahuan Pocket Mouse", "science_name": "Chaetodipus eremicus"}