{"minx": -110.32347804715647, "miny": 29.320950590415976, "maxx": -102.91300810395423, "maxy": 37.13859753786799, "real_name": "Chihuahuan Spotted Whiptail", "science_name": "Aspidoscelis exsanguis"}