{"minx": -112.30712717209602, "miny": 31.332177073329653, "maxx": -109.86170087806136, "maxy": 34.80191359583442, "real_name": "Chihuahuan Black-headed Snake", "science_name": "Tantilla wilcoxi"}