{"minx": -111.65154660441584, "miny": 28.971546136987296, "maxx": -97.25765524229523, "maxy": 36.00671233439345, "real_name": "Chihuahuan Hook-nosed Snake", "science_name": "Gyalopion canum"}