{"minx": -112.69075057665768, "miny": 25.837377232568286, "maxx": -97.08230976984541, "maxy": 39.374445207088776, "real_name": "Chihuahuan Raven", "science_name": "Corvus cryptoleucus"}