{"minx": -111.65299532686274, "miny": 25.837377232568308, "maxx": -94.671074983153, "maxy": 38.91396891294372, "real_name": "Chihuahuan Nightsnake", "science_name": "Hypsiglena jani"}