{"minx": -124.47443617035333, "miny": 24.969078267359205, "maxx": -66.90176211350195, "maxy": 49.38435789073911, "real_name": "Chimney Swift", "science_name": "Chaetura pelagica"}