{"minx": -124.56053860435941, "miny": 31.154713605104273, "maxx": -66.90176211350195, "maxy": 49.38435789073909, "real_name": "Chipping Sparrow", "science_name": "Spizella passerina"}