{"minx": -112.58612821720324, "miny": 31.332172207742722, "maxx": -106.48514722014336, "maxy": 35.50140132885255, "real_name": "Chiricahua Leopard Frog", "science_name": "Lithobates chiricahuensis"}