{"minx": -121.02128318567476, "miny": 33.72840948795833, "maxx": -111.33929206546843, "maxy": 44.00621576521694, "real_name": "Chisel-toothed Kangaroo Rat", "science_name": "Dipodomys microps"}