{"minx": -123.16439450314186, "miny": 28.675044931787767, "maxx": -97.10796097330379, "maxy": 38.26264183263307, "real_name": "Chital", "science_name": "Axis axis"}