{"minx": -86.56022212297215, "miny": 29.85231831490695, "maxx": -85.37371945708747, "maxy": 30.440805831089165, "real_name": "Choctawhatchee Beach Deermouse", "science_name": "Peromyscus polionotus allophrys"}