{"minx": -100.19179264779869, "miny": 27.397158689618745, "maxx": -72.08123480795813, "maxy": 41.22541350312976, "real_name": "Chuck-will's-widow", "science_name": "Caprimulgus carolinensis"}