{"minx": -115.67963641511275, "miny": 39.43958030698517, "maxx": -110.4358967502664, "maxy": 40.64486395559289, "real_name": "Chukar", "science_name": "Alectoris chukar"}