{"minx": -109.45570459367967, "miny": 35.70532621267422, "maxx": -108.51917973061332, "maxy": 37.00297712317301, "real_name": "Chuska Mountain Chipmunk", "science_name": "Tamias minimus chuskaensis"}