{"minx": -122.63156278243281, "miny": 34.19653379828597, "maxx": -66.90176211350197, "maxy": 49.38435789073906, "real_name": "Cinereus Shrew", "science_name": "Sorex cinereus"}