{"minx": -124.82919055651313, "miny": 31.332172207742722, "maxx": -101.3239287369609, "maxy": 49.00249428082526, "real_name": "Cinnamon Teal", "science_name": "Anas cyanoptera"}