{"minx": -74.53759730911976, "miny": 39.650230571383354, "maxx": -69.86728154030688, "maxy": 43.606809415629584, "real_name": "Clapper Rail", "science_name": "Rallus longirostris"}