{"minx": -114.62034731601283, "miny": 31.332172207742722, "maxx": -106.48514722014339, "maxy": 36.30994076939682, "real_name": "Clark's Spiny Lizard", "science_name": "Sceloporus clarkii"}