{"minx": -124.05780749159838, "miny": 31.89437175960048, "maxx": -103.15584406743105, "maxy": 49.00249428082528, "real_name": "Clark's Nutcracker", "science_name": "Nucifraga columbiana"}