{"minx": -123.21627748342948, "miny": 30.3720052118098, "maxx": -100.14314605081796, "maxy": 48.53594294036952, "real_name": "Clark's Grebe", "science_name": "Aechmophorus clarkii"}