{"minx": -116.6058826269376, "miny": 42.0776493452831, "maxx": -74.69449462370507, "maxy": 49.3843578907391, "real_name": "Clay-colored Sparrow", "science_name": "Spizella pallida"}