{"minx": -124.82919055651313, "miny": 27.264145912617114, "maxx": -66.90176211350195, "maxy": 49.38435789073906, "real_name": "Cliff Swallow", "science_name": "Petrochelidon pyrrhonota"}