{"minx": -117.42612146613126, "miny": 31.332172207742722, "maxx": -106.37699294301, "maxy": 42.78233741957214, "real_name": "Cliff Chipmunk", "science_name": "Tamias dorsalis"}