{"minx": -103.34167791040518, "miny": 28.88383948042777, "maxx": -96.90856719366074, "maxy": 32.176212460282734, "real_name": "Cliff Chirping Frog", "science_name": "Eleutherodactylus marnockii"}