{"minx": -124.66824152407841, "miny": 40.697413648954225, "maxx": -121.44350736606778, "maxy": 45.91046595396068, "real_name": "Clouded Salamander", "science_name": "Aneides ferreus"}