{"minx": -122.42171556974259, "miny": 25.18361697722106, "maxx": -76.37134909255974, "maxy": 41.61935408727281, "real_name": "Coachwhip", "science_name": "Coluber flagellum"}