{"minx": -116.84798793251292, "miny": 33.07097398284908, "maxx": -115.51870566402187, "maxy": 34.16740541553419, "real_name": "Coachella Fringe-toed Lizard", "science_name": "Uma inornata"}