{"minx": -98.43710439840353, "miny": 29.541648843621076, "maxx": -76.00220355829767, "maxy": 43.63583738715378, "real_name": "Coal Skink", "science_name": "Plestiodon anthracinus"}