{"minx": -124.66824152407844, "miny": 41.698152562877844, "maxx": -122.04186759532342, "maxy": 45.655866908432635, "real_name": "Coastal Mountain Beaver", "science_name": "Aplodontia rufa rufa"}