{"minx": -124.66824152407844, "miny": 38.514902525325994, "maxx": -120.18499758247675, "maxy": 49.00249428082526, "real_name": "Coastal Giant Salamander", "science_name": "Dicamptodon tenebrosus"}