{"minx": -124.80907527625378, "miny": 38.742494261270686, "maxx": -119.91442227025247, "maxy": 49.00249428082526, "real_name": "Coastal Tailed Frog", "science_name": "Ascaphus truei"}