{"minx": -124.82919055651315, "miny": 39.03732213746332, "maxx": -116.22267618711751, "maxy": 49.00249428082528, "real_name": "Coast Mole", "science_name": "Scapanus orarius"}