{"minx": -123.2727156345784, "miny": 32.52927581099941, "maxx": -115.93442132720617, "maxy": 41.24555791919953, "real_name": "Coast Nightsnake", "science_name": "Hypsiglena ochrorhyncha"}