{"minx": -112.02009587036139, "miny": 31.333777178147738, "maxx": -109.1205483320112, "maxy": 32.43007642466797, "real_name": "Cockrum's Gray Shrew", "science_name": "Notiosorex cockrumi"}