{"minx": -117.22731266728886, "miny": 44.900677609344385, "maxx": -113.22007788630559, "maxy": 49.00139119218955, "real_name": "Coeur D'alene Salamander", "science_name": "Plethodon idahoensis"}