{"minx": -103.54225074116782, "miny": 28.971546136987296, "maxx": -102.68262335379742, "maxy": 29.96670589902886, "real_name": "Colima Warbler", "science_name": "Vermivora crissalis"}