{"minx": -113.54046253286678, "miny": 25.837377232568286, "maxx": -96.41156064012594, "maxy": 35.35776056039289, "real_name": "Collared Peccary", "science_name": "Pecari tajacu"}