{"minx": -114.6728704728765, "miny": 33.56936351363704, "maxx": -114.00048810187982, "maxy": 34.442880154877855, "real_name": "Colorado River Cotton Rat", "science_name": "Sigmodon arizonae plenus"}