{"minx": -111.09495593945357, "miny": 35.112772373906715, "maxx": -102.45549879377882, "maxy": 41.07139231079366, "real_name": "Colorado Chipmunk", "science_name": "Tamias quadrivittatus"}