{"minx": -116.56029093212987, "miny": 31.98952101428147, "maxx": -112.88477829897053, "maxy": 33.531931780537796, "real_name": "Colorado Desert Fringe-toed Lizard", "science_name": "Uma notata"}