{"minx": -106.59975805081221, "miny": 36.89841474615815, "maxx": -103.15584406743105, "maxy": 39.38324475579773, "real_name": "Colorado Checkered Whiptail", "science_name": "Aspidoscelis neotesselata"}