{"minx": -124.14690868043823, "miny": 42.698490148246954, "maxx": -121.90262980967685, "maxy": 46.68429846327264, "real_name": "Columbian White-tailed Deer", "science_name": "Odocoileus virginianus leucurus"}