{"minx": -120.8856657747218, "miny": 42.83708390728455, "maxx": -111.12698733050796, "maxy": 49.00139119218953, "real_name": "Columbian Ground Squirrel", "science_name": "Urocitellus columbianus"}