{"minx": -124.20418912925876, "miny": 44.95097742302029, "maxx": -122.49196784885388, "maxy": 46.94594567240135, "real_name": "Columbia Torrent Salamander", "science_name": "Rhyacotriton kezeri"}