{"minx": -120.71965304939198, "miny": 37.00009934465418, "maxx": -105.15666212712274, "maxy": 49.00126987808678, "real_name": "Columbian Sharp-tailed Grouse", "science_name": "Tympanuchus phasianellus columbianus"}