{"minx": -121.37634478117512, "miny": 37.81624331920947, "maxx": -105.8408495905433, "maxy": 49.00141272067121, "real_name": "Columbia Spotted Frog", "science_name": "Rana luteiventris"}