{"minx": -98.71526209997543, "miny": 29.390316695573876, "maxx": -98.31973642530491, "maxy": 30.046853824215685, "real_name": "Comal Blind Salamander", "science_name": "Eurycea tridentifera"}