{"minx": -114.47343098255503, "miny": 30.825604401374616, "maxx": -104.30459596948482, "maxy": 37.608003444651104, "real_name": "Common Black-hawk", "science_name": "Buteogallus anthracinus"}