{"minx": -76.16307281332341, "miny": 36.99640507822058, "maxx": -71.06780520809271, "maxy": 42.08226990169116, "real_name": "Common Eider", "science_name": "Somateria mollissima"}