{"minx": -82.97513191855408, "miny": 24.464611132372944, "maxx": -79.98143115950224, "maxy": 28.784639998589867, "real_name": "Common Myna", "science_name": "Acridotheres tristis"}