{"minx": -123.31579447450886, "miny": 42.28850123934179, "maxx": -66.90176211350195, "maxy": 49.38435789073909, "real_name": "Common Loon", "science_name": "Gavia immer"}