{"minx": -124.66824152407838, "miny": 32.55535460462539, "maxx": -101.10405725538408, "maxy": 48.7090716190416, "real_name": "Common Sagebrush Lizard", "science_name": "Sceloporus graciosus"}