{"minx": -124.47091560860366, "miny": 32.529275810999415, "maxx": -66.90176211350195, "maxy": 49.00245905804304, "real_name": "Common Murre", "science_name": "Uria aalge"}