{"minx": -122.42171556974256, "miny": 28.971546136987296, "maxx": -97.85717065637905, "maxy": 47.84311535248429, "real_name": "Common Side-blotched Lizard", "science_name": "Uta stansburiana"}