{"minx": -98.7644100540583, "miny": 26.998346347368308, "maxx": -72.76896490562811, "maxy": 47.18594910231406, "real_name": "Common Five-lined Skink", "science_name": "Plestiodon fasciatus"}