{"minx": -91.81696425552751, "miny": 24.68871080443752, "maxx": -75.40432755921591, "maxy": 37.167078212105395, "real_name": "Common Yellowthroat", "science_name": "Geothlypis trichas"}