{"minx": -119.24266347405563, "miny": 47.12824464853449, "maxx": -93.79713973657675, "maxy": 49.38435789073909, "real_name": "Common Goldeneye", "science_name": "Bucephala clangula"}