{"minx": -124.47443617035333, "miny": 24.464611132372944, "maxx": -73.89305499753941, "maxy": 43.77992987692206, "real_name": "Common Kingsnake", "science_name": "Lampropeltis getula"}