{"minx": -113.70005004816363, "miny": 31.979019908927228, "maxx": -66.90176211350197, "maxy": 49.38435789073909, "real_name": "Common Grackle", "science_name": "Quiscalus quiscula"}