{"minx": -99.1138077964001, "miny": 25.837377232568286, "maxx": -97.09609769471822, "maxy": 27.74969982272383, "real_name": "Common Pauraque", "science_name": "Nyctidromus albicollis"}