{"minx": -105.95538220753065, "miny": 25.837377232568286, "maxx": -94.09783005114438, "maxy": 35.81559332185777, "real_name": "Common Spotted Whiptail", "science_name": "Aspidoscelis gularis"}