{"minx": -118.49326178296832, "miny": 31.49818226314997, "maxx": -109.7059416109943, "maxy": 38.38342070225377, "real_name": "Common Chuckwalla", "science_name": "Sauromalus ater"}