{"minx": -115.41202317363773, "miny": 29.017701068994253, "maxx": -66.90176211350195, "maxy": 49.3843578907391, "real_name": "Common Tern", "science_name": "Sterna hirundo"}