{"minx": -124.82919055651313, "miny": 31.332172207742722, "maxx": -66.90176211350195, "maxy": 49.26534080962276, "real_name": "Common Raven", "science_name": "Corvus corax"}