{"minx": -103.251844838476, "miny": 30.586635204613767, "maxx": -67.92896679963046, "maxy": 45.570918366471254, "real_name": "Common Moorhen", "science_name": "Gallinula chloropus"}