{"minx": -124.7349751050064, "miny": 41.79908057935505, "maxx": -83.43554948569081, "maxy": 49.38435789073909, "real_name": "Common Merganser", "science_name": "Mergus merganser"}