{"minx": -108.43521048000403, "miny": 28.971546136987296, "maxx": -100.06836616497571, "maxy": 38.066241992960535, "real_name": "Common Checkered Whiptail", "science_name": "Aspidoscelis tesselata"}