{"minx": -120.70662545727754, "miny": 24.464611132372916, "maxx": -78.5487412475262, "maxy": 36.052838376215234, "real_name": "Common Ground-dove", "science_name": "Columbina passerina"}