{"minx": -122.52347669188381, "miny": 41.24304123518083, "maxx": -66.90176211350195, "maxy": 49.38435789073906, "real_name": "Common Redpoll", "science_name": "Carduelis flammea"}