{"minx": -124.02338772630547, "miny": 28.971546136987296, "maxx": -96.19658666451078, "maxy": 49.00141272067123, "real_name": "Common Poorwill", "science_name": "Phalaenoptilus nuttallii"}