{"minx": -113.94847221437344, "miny": 28.971546136987303, "maxx": -95.66216453439566, "maxy": 43.92312582290663, "real_name": "Common Lesser Earless Lizard", "science_name": "Holbrookia maculata"}