{"minx": -124.82919055651315, "miny": 28.875800600504995, "maxx": -66.90176211350197, "maxy": 49.38435789073906, "real_name": "Common Muskrat", "science_name": "Ondatra zibethicus"}