{"minx": -101.13400861179665, "miny": 30.801574136113285, "maxx": -97.99544654427964, "maxy": 32.517710908576305, "real_name": "Concho Watersnake", "science_name": "Nerodia paucimaculata"}