{"minx": -95.70804943579157, "miny": 44.32388946797202, "maxx": -83.43554948569084, "maxy": 49.38435789073911, "real_name": "Connecticut Warbler", "science_name": "Oporornis agilis"}