{"minx": -124.82919055651313, "miny": 30.70738626397408, "maxx": -66.90176211350195, "maxy": 49.38435789073909, "real_name": "Cooper's Hawk", "science_name": "Accipiter cooperii"}