{"minx": -101.52944196072386, "miny": 27.162214066253842, "maxx": -67.97026180334966, "maxy": 49.38435789073911, "real_name": "Cope's Gray Treefrog", "science_name": "Hyla chrysoscelis"}