{"minx": -124.82919055651315, "miny": 45.11693245919023, "maxx": -121.41615498291459, "maxy": 48.49633403761373, "real_name": "Cope's Giant Salamander", "science_name": "Dicamptodon copei"}