{"minx": -116.87823391009816, "miny": 32.55535460462539, "maxx": -115.93442132720622, "maxy": 33.12216532155639, "real_name": "Cope's Leopard Lizard", "science_name": "Gambelia copeii"}