{"minx": -104.76678370552219, "miny": 27.946132358556383, "maxx": -70.64780991930778, "maxy": 43.012360618277064, "real_name": "Copperhead", "science_name": "Agkistrodon contortrix"}