{"minx": -122.87543259829582, "miny": 29.21463940438651, "maxx": -103.05147888318884, "maxy": 49.00139119218955, "real_name": "Cordilleran Flycatcher", "science_name": "Empidonax occidentalis"}