{"minx": -119.16291193754385, "miny": 31.332253295564207, "maxx": -107.73395643158733, "maxy": 38.38342070225377, "real_name": "Costa's Hummingbird", "science_name": "Calypte costae"}