{"minx": -96.9316577323332, "miny": 24.68871080443756, "maxx": -75.40432755921594, "maxy": 37.36202735981325, "real_name": "Cotton Deermouse", "science_name": "Peromyscus gossypinus"}