{"minx": -101.63068657374629, "miny": 24.464611132372937, "maxx": -75.40432755921596, "maxy": 39.94186355170473, "real_name": "Cottonmouth", "science_name": "Agkistrodon piscivorus"}