{"minx": -116.50369878829841, "miny": 25.837377232568322, "maxx": -94.671074983153, "maxy": 38.82319964392812, "real_name": "Couch's Spadefoot", "science_name": "Scaphiopus couchii"}