{"minx": -99.93032332641451, "miny": 25.837377232568286, "maxx": -97.08230976984538, "maxy": 28.61149700982365, "real_name": "Couch's Kingbird", "science_name": "Tyrannus couchii"}