{"minx": -98.60796194490531, "miny": 25.837377232568308, "maxx": -97.09609769471822, "maxy": 26.48383840810127, "real_name": "Coues' Oryzomys", "science_name": "Oryzomys couesi"}