{"minx": -81.87400975294175, "miny": 26.658385212336714, "maxx": -81.01333303693174, "maxy": 27.72904596788013, "real_name": "Cougar", "science_name": "Puma concolor"}