{"minx": -79.68823942314762, "miny": 37.91356848405539, "maxx": -78.43531192815244, "maxy": 39.34676758978344, "real_name": "Cow Knob Salamander", "science_name": "Plethodon punctatus"}