{"minx": -124.612656607545, "miny": 25.837377232568286, "maxx": -75.21337542134306, "maxy": 49.00249428082526, "real_name": "Coypu", "science_name": "Myocastor coypus"}