{"minx": -98.29106624757718, "miny": 27.946132358556373, "maxx": -86.11490213831382, "maxy": 41.32853328414624, "real_name": "Crawfish Frog", "science_name": "Lithobates areolatus"}