{"minx": -119.42340540093016, "miny": 26.036338117461938, "maxx": -97.03801702044855, "maxy": 39.84287114203237, "real_name": "Crawford's Gray Shrew", "science_name": "Notiosorex crawfordi"}