{"minx": -124.82919055651313, "miny": 39.03732213746332, "maxx": -120.200156335274, "maxy": 49.00249428082526, "real_name": "Creeping Vole", "science_name": "Microtus oregoni"}