{"minx": -113.38231642603489, "miny": 25.837377232568322, "maxx": -80.72356239936335, "maxy": 32.689991088392446, "real_name": "Crested Caracara", "science_name": "Caracara cheriway"}