{"minx": -109.35784174894502, "miny": 28.872578603830412, "maxx": -98.00518248708084, "maxy": 34.48684754794474, "real_name": "Crevice Spiny Lizard", "science_name": "Sceloporus poinsettii"}