{"minx": -117.07125809885733, "miny": 28.971546136987303, "maxx": -100.86915607028509, "maxy": 39.3028520547791, "real_name": "Crissal Thrasher", "science_name": "Toxostoma crissale"}