{"minx": -82.97513191855408, "miny": 24.464611132372937, "maxx": -79.98143115950225, "maxy": 30.66634936678893, "real_name": "Cuban Treefrog", "science_name": "Osteopilus septentrionalis"}