{"minx": -85.98922901136223, "miny": 35.08859583301796, "maxx": -84.37914638960336, "maxy": 36.22564103667214, "real_name": "Cumberland Dusky Salamander", "science_name": "Desmognathus abditus"}