{"minx": -84.14381719512996, "miny": 36.42401866296204, "maxx": -80.81605218730742, "maxy": 38.85705159348188, "real_name": "Cumberland Plateau Salamander", "science_name": "Plethodon kentucki"}