{"minx": -113.76303443653532, "miny": 31.332172207742722, "maxx": -107.73395643158732, "maxy": 33.84171295534138, "real_name": "Curasoan Long-nosed Bat", "science_name": "Leptonycteris curasoae"}