{"minx": -114.56465396365361, "miny": 25.837377232568308, "maxx": -94.91948926518002, "maxy": 38.8259033026712, "real_name": "Curve-billed Thrasher", "science_name": "Toxostoma curvirostre"}