{"minx": -121.61790560394383, "miny": 35.638057981298466, "maxx": -118.04568340795142, "maxy": 42.116704463868714, "real_name": "Dark-eyed Junco", "science_name": "Junco hyemalis"}