{"minx": -120.84108002963355, "miny": 37.06466038256726, "maxx": -112.54218091707754, "maxy": 43.48111966544404, "real_name": "Dark Kangaroo Mouse", "science_name": "Microdipodops megacephalus"}