{"minx": -88.28018997743169, "miny": 32.913475921020606, "maxx": -84.49678233249028, "maxy": 36.43432261766546, "real_name": "Dark-sided Salamander", "science_name": "Eurycea aquatica"}