{"minx": -103.07046928231966, "miny": 25.837377232568322, "maxx": -68.14675167928257, "maxy": 46.69022614611434, "real_name": "Dekay's Brownsnake", "science_name": "Storeria dekayi"}