{"minx": -124.66824152407841, "miny": 40.550701446086144, "maxx": -122.69408041200137, "maxy": 43.080348309287125, "real_name": "Del Norte Salamander", "science_name": "Plethodon elongatus"}