{"minx": -76.44278807571823, "miny": 37.8143165300916, "maxx": -74.97776118580708, "maxy": 39.39088624770278, "real_name": "Delmarva Fox Squirrel", "science_name": "Sciurus niger cinereus"}