{"minx": -118.92281660112992, "miny": 31.332177073329685, "maxx": -109.46249684092707, "maxy": 37.51865046455591, "real_name": "Desert Tortoise", "science_name": "Gopherus agassizii"}