{"minx": -122.73918611875648, "miny": 31.332172207742722, "maxx": -107.86983142853305, "maxy": 49.000383760534916, "real_name": "Desert Nightsnake", "science_name": "Hypsiglena chlorophaea"}