{"minx": -121.48369019740979, "miny": 32.14922371565339, "maxx": -109.75726729375944, "maxy": 38.20286480274698, "real_name": "Desert Night Lizard", "science_name": "Xantusia vigilis"}