{"minx": -121.29753665568253, "miny": 31.45775158957244, "maxx": -108.3630507300089, "maxy": 45.4581882437549, "real_name": "Desert Horned Lizard", "science_name": "Phrynosoma platyrhinos"}