{"minx": -122.03510942434998, "miny": 32.52927581099941, "maxx": -109.2226131876645, "maxy": 44.522118347752105, "real_name": "Desert Woodrat", "science_name": "Neotoma lepida"}