{"minx": -114.30681280697777, "miny": 31.332172207742722, "maxx": -105.20017380269577, "maxy": 37.19322907660653, "real_name": "Desert Grassland Whiptail", "science_name": "Aspidoscelis uniparens"}