{"minx": -108.43521048000402, "miny": 31.776704759459918, "maxx": -104.32565271485792, "maxy": 35.419970004512265, "real_name": "Desert Pocket Gopher", "science_name": "Geomys arenarius"}