{"minx": -118.57610321832563, "miny": 31.33217220774269, "maxx": -108.33724585097428, "maxy": 37.5284057591622, "real_name": "Desert Pocket Mouse", "science_name": "Chaetodipus penicillatus"}