{"minx": -118.92281660112992, "miny": 31.332177073329685, "maxx": -110.31715350804906, "maxy": 37.85103993231037, "real_name": "Desert Iguana", "science_name": "Dipsosaurus dorsalis"}