{"minx": -122.91448978662929, "miny": 26.20124729035784, "maxx": -98.24485945426329, "maxy": 48.49509206550751, "real_name": "Desert Cottontail", "science_name": "Sylvilagus audubonii"}