{"minx": -120.45834229158065, "miny": 31.332177073329678, "maxx": -109.80800465024822, "maxy": 42.34481638618735, "real_name": "Desert Kangaroo Rat", "science_name": "Dipodomys deserti"}