{"minx": -121.41815065322582, "miny": 31.359502902917978, "maxx": -107.349964123928, "maxy": 41.176600679595246, "real_name": "Desert Spiny Lizard", "science_name": "Sceloporus magister"}