{"minx": -103.09430948417767, "miny": 25.837377232568322, "maxx": -85.19520981598123, "maxy": 41.71706838381859, "real_name": "Diamond-backed Watersnake", "science_name": "Nerodia rhombifer"}