{"minx": -97.57628537506704, "miny": 24.464611132372937, "maxx": -69.86728154030689, "maxy": 42.17782355232248, "real_name": "Diamond-backed Terrapin", "science_name": "Malaclemys terrapin"}