{"minx": -108.25684024312173, "miny": 28.778349827108915, "maxx": -76.08691194827813, "maxy": 49.00069137025357, "real_name": "Dickcissel", "science_name": "Spiza americana"}