{"minx": -121.05554230956723, "miny": 35.71326369405733, "maxx": -66.90176211350195, "maxy": 49.38435789073909, "real_name": "Double-crested Cormorant", "science_name": "Phalacrocorax auritus"}