{"minx": -124.82919055651313, "miny": 35.416818525379824, "maxx": -117.73401096247716, "maxy": 49.00249428082528, "real_name": "Douglas's Squirrel", "science_name": "Tamiasciurus douglasii"}