{"minx": -76.29813033434746, "miny": 35.26320774892567, "maxx": -66.90176211350199, "maxy": 45.158194189365055, "real_name": "Dovekie", "science_name": "Alle alle"}