{"minx": -83.26041718796459, "miny": 29.050276222402395, "maxx": -82.88744456681096, "maxy": 29.517304452289363, "real_name": "Duke's Salt Marsh Vole", "science_name": "Microtus pennsylvanicus dukecampbelli"}