{"minx": -119.42340540093016, "miny": 32.52927581099941, "maxx": -115.9344213272062, "maxy": 34.42426812285473, "real_name": "Dulzura Kangaroo Rat", "science_name": "Dipodomys simulans"}