{"minx": -104.43084427358778, "miny": 30.782069881926816, "maxx": -102.09014001406837, "maxy": 34.33512481082736, "real_name": "Dunes Sagebrush Lizard", "science_name": "Sceloporus arenicolus"}