{"minx": -124.82919055651313, "miny": 24.464611132372937, "maxx": -69.86728154030689, "maxy": 49.002425450260866, "real_name": "Dunlin", "science_name": "Calidris alpina"}