{"minx": -124.66824152407844, "miny": 41.307723350743764, "maxx": -121.43058610443711, "maxy": 47.07110731166786, "real_name": "Dunn's Salamander", "science_name": "Plethodon dunni"}