{"minx": -89.2930850094023, "miny": 30.407080591411443, "maxx": -88.45260913689518, "maxy": 30.724551809313812, "real_name": "Dusky Gopher Frog", "science_name": "Lithobates sevosus"}