{"minx": -121.6587989242047, "miny": 33.108747753750954, "maxx": -105.07833836384312, "maxy": 49.00141272067123, "real_name": "Dusky Grouse", "science_name": "Dendragapus obscurus"}