{"minx": -124.82919055651313, "miny": 31.332177073329678, "maxx": -103.83937949624418, "maxy": 49.00249428082526, "real_name": "Dusky Shrew", "science_name": "Sorex monticolus"}