{"minx": -111.30072279663857, "miny": 31.332172207742722, "maxx": -107.73395643158733, "maxy": 34.33966779470965, "real_name": "Dusky-capped Flycatcher", "science_name": "Myiarchus tuberculifer"}