{"minx": -124.66824152407844, "miny": 34.33238334012983, "maxx": -118.54084213274236, "maxy": 45.65586690843266, "real_name": "Dusky-footed Woodrat", "science_name": "Neotoma fuscipes"}