{"minx": -124.47705377229163, "miny": 32.68913606481174, "maxx": -101.46920995355283, "maxy": 49.00223345647736, "real_name": "Dusky Flycatcher", "science_name": "Empidonax oberholseri"}