{"minx": -97.82739552313477, "miny": 28.850345707743777, "maxx": -94.06486990610077, "maxy": 33.47700959537827, "real_name": "Dusty Hog-nosed Snake", "science_name": "Heterodon gloydi"}