{"minx": -84.10820818771101, "miny": 31.030591414980226, "maxx": -75.40432755921593, "maxy": 37.378609713179685, "real_name": "Dwarf Waterdog", "science_name": "Necturus punctatus"}