{"minx": -84.75137941342408, "miny": 34.56743999459742, "maxx": -83.48187947758949, "maxy": 35.10322186357796, "real_name": "Dwarf Black-bellied Salamander", "science_name": "Desmognathus folkertsi"}