{"minx": -97.08506994359027, "miny": 25.083410362316272, "maxx": -76.43274114408067, "maxy": 36.47574479768054, "real_name": "Dwarf Salamander", "science_name": "Eurycea quadridigitata"}