{"minx": -117.49252338792671, "miny": 31.894371759600496, "maxx": -101.46920995355285, "maxy": 48.99918830635715, "real_name": "Dwarf Shrew", "science_name": "Sorex nanus"}