{"minx": -122.91526338413952, "miny": 34.349169117110264, "maxx": -93.73611658923761, "maxy": 49.38435789073909, "real_name": "Eared Grebe", "science_name": "Podiceps nigricollis"}