{"minx": -112.13217221388577, "miny": 28.971546136987296, "maxx": -66.90176211350197, "maxy": 49.001132353673256, "real_name": "Eastern Red Bat", "science_name": "Lasiurus borealis"}