{"minx": -100.21133585232795, "miny": 24.464611132372937, "maxx": -71.72313124667137, "maxy": 41.499540964565234, "real_name": "Eastern Mud Turtle", "science_name": "Kinosternon subrubrum"}