{"minx": -91.3094960526794, "miny": 24.464611132372937, "maxx": -75.40432755921597, "maxy": 36.363040989471095, "real_name": "Eastern Glass Lizard", "science_name": "Ophisaurus ventralis"}