{"minx": -104.45955772535376, "miny": 28.351750736883158, "maxx": -66.90176211350197, "maxy": 49.38435789073909, "real_name": "Eastern Wood-pewee", "science_name": "Contopus virens"}