{"minx": -98.59605111654345, "miny": 28.310560520203047, "maxx": -72.62113414446543, "maxy": 49.000686185188535, "real_name": "Eastern Tiger Salamander", "science_name": "Ambystoma tigrinum"}