{"minx": -108.97470766479182, "miny": 25.498840086928563, "maxx": -74.10303167150266, "maxy": 49.38435789073909, "real_name": "Eastern Fox Squirrel", "science_name": "Sciurus niger"}