{"minx": -123.31579447450886, "miny": 24.68871080443752, "maxx": -66.90176211350195, "maxy": 49.38435789073906, "real_name": "Eastern Kingbird", "science_name": "Tyrannus tyrannus"}