{"minx": -107.08115193695947, "miny": 24.68871080443756, "maxx": -77.19095506563274, "maxy": 49.3843578907391, "real_name": "Eastern Spotted Skunk", "science_name": "Spilogale putorius"}