{"minx": -92.70067137162245, "miny": 24.464611132372937, "maxx": -69.86728154030689, "maxy": 43.50794325905238, "real_name": "Eastern Spadefoot", "science_name": "Scaphiopus holbrookii"}