{"minx": -98.42881481768326, "miny": 24.68871080443756, "maxx": -66.90176211350196, "maxy": 48.71082522001332, "real_name": "Eastern Newt", "science_name": "Notophthalmus viridescens"}