{"minx": -100.6133609461167, "miny": 24.464611132372944, "maxx": -67.49222244733524, "maxy": 45.75496692819369, "real_name": "Eastern Musk Turtle", "science_name": "Sternotherus odoratus"}