{"minx": -105.93005994099987, "miny": 36.89841474615815, "maxx": -66.90176211350196, "maxy": 49.26534080962276, "real_name": "Eastern Meadowlark", "science_name": "Sturnella magna"}