{"minx": -114.3791739987473, "miny": 25.424029857553467, "maxx": -71.72313124667136, "maxy": 49.38435789073911, "real_name": "Eastern Cottontail", "science_name": "Sylvilagus floridanus"}