{"minx": -85.28723118446959, "miny": 24.68871080443756, "maxx": -70.66923569071933, "maxy": 44.38362160493889, "real_name": "Eastern Ratsnake", "science_name": "Pantherophis alleghaniensis"}