{"minx": -102.77261477955489, "miny": 24.464611132372937, "maxx": -69.86728154030688, "maxy": 47.62794455553711, "real_name": "Eastern Hog-nosed Snake", "science_name": "Heterodon platirhinos"}