{"minx": -106.93151067244587, "miny": 37.12671596499957, "maxx": -66.90176211350197, "maxy": 49.38435789073909, "real_name": "Eastern Bluebird", "science_name": "Sialia sialis"}