{"minx": -112.208163118233, "miny": 25.837377232568322, "maxx": -96.29037205683434, "maxy": 36.68278660501309, "real_name": "Eastern Patch-nosed Snake", "science_name": "Salvadora grahamiae"}