{"minx": -100.79719858075008, "miny": 29.79482770994443, "maxx": -66.90176211350196, "maxy": 49.38435789073906, "real_name": "Eastern Chipmunk", "science_name": "Tamias striatus"}