{"minx": -99.01990366193166, "miny": 24.464611132372944, "maxx": -69.86728154030688, "maxy": 45.269728893666645, "real_name": "Eastern Box Turtle", "science_name": "Terrapene carolina"}