{"minx": -90.93744212837728, "miny": 24.464611132372944, "maxx": -76.0898054715372, "maxy": 35.403046084208235, "real_name": "Eastern Diamond-backed Rattlesnake", "science_name": "Crotalus adamanteus"}