{"minx": -95.30304003015847, "miny": 33.65913891477935, "maxx": -66.90176211350197, "maxy": 46.53978357233877, "real_name": "Eastern Small-footed Myotis", "science_name": "Myotis leibii"}