{"minx": -105.08235985038394, "miny": 24.464611132372944, "maxx": -66.90176211350197, "maxy": 47.657157776043356, "real_name": "Eastern Pipistrelle", "science_name": "Pipistrellus subflavus"}