{"minx": -105.0405189754064, "miny": 24.688710804437537, "maxx": -77.79888791492316, "maxy": 41.629421946694436, "real_name": "Eastern Woodrat", "science_name": "Neotoma floridana"}