{"minx": -88.55996127960526, "miny": 24.464611132372937, "maxx": -79.98143115950225, "maxy": 32.93856341270194, "real_name": "Eastern Indigo Snake", "science_name": "Drymarchon couperi"}