{"minx": -81.10601047130754, "miny": 31.809988596597897, "maxx": -75.32446478716315, "maxy": 38.19613789587247, "real_name": "Eastern Towhee", "science_name": "Pipilo erythrophthalmus"}