{"minx": -113.79986499175172, "miny": 25.837377232568322, "maxx": -73.55937675328153, "maxy": 44.69428276522734, "real_name": "Eastern Fence Lizard", "science_name": "Sceloporus undulatus"}