{"minx": -84.46430207290292, "miny": 40.906664998470696, "maxx": -81.53841962556515, "maxy": 44.60465409541594, "real_name": "Eastern Foxsnake", "science_name": "Pantherophis gloydi"}