{"minx": -100.11259981498289, "miny": 24.464611132372944, "maxx": -74.99173977425994, "maxy": 40.99880921262046, "real_name": "Eastern Narrow-mouthed Toad", "science_name": "Gastrophryne carolinensis"}