{"minx": -105.80702409284557, "miny": 32.39383728286228, "maxx": -66.90176211350195, "maxy": 49.38435789073909, "real_name": "Eastern Phoebe", "science_name": "Sayornis phoebe"}