{"minx": -95.84533099402475, "miny": 33.789615425766264, "maxx": -66.90176211350197, "maxy": 48.64350320849136, "real_name": "Eastern Red-backed Salamander", "science_name": "Plethodon cinereus"}