{"minx": -91.76664131948849, "miny": 24.464611132372937, "maxx": -68.4671627896374, "maxy": 46.43047453750448, "real_name": "Eastern Ribbonsnake", "science_name": "Thamnophis sauritus"}