{"minx": -101.67360348658217, "miny": 25.18361697722106, "maxx": -66.90176211350196, "maxy": 49.38435789073906, "real_name": "Eastern Gray Squirrel", "science_name": "Sciurus carolinensis"}