{"minx": -105.47531289248958, "miny": 25.08341036231627, "maxx": -69.86728154030688, "maxy": 46.389236639784, "real_name": "Eastern Mole", "science_name": "Scalopus aquaticus"}