{"minx": -114.30681280697777, "miny": 28.56128488226954, "maxx": -90.9691940653859, "maxy": 40.43315962305512, "real_name": "Eastern Collared Lizard", "science_name": "Crotaphytus collaris"}