{"minx": -75.75438111209587, "miny": 38.0623461421369, "maxx": -74.05668267587005, "maxy": 39.77800429392167, "real_name": "Eastern Brown Pelican", "science_name": "Pelecanus occidentalis carolinensis"}