{"minx": -97.70930998352607, "miny": 26.093060999341965, "maxx": -75.66087192802762, "maxy": 39.5680957468877, "real_name": "Eastern Harvest Mouse", "science_name": "Reithrodontomys humulis"}