{"minx": -112.53960004634426, "miny": 24.464611132372916, "maxx": -69.86728154030689, "maxy": 49.00069137025354, "real_name": "Eastern Screech-owl", "science_name": "Megascops asio"}