{"minx": -91.97554265431698, "miny": 47.338598584959335, "maxx": -89.27358612394785, "maxy": 48.245498144860726, "real_name": "Eastern Heather Vole", "science_name": "Phenacomys ungava"}