{"minx": -95.99789004325315, "miny": 29.51927101572109, "maxx": -70.6834813714467, "maxy": 42.76861076612168, "real_name": "Eastern Wormsnake", "science_name": "Carphophis amoenus"}