{"minx": -112.60517954392775, "miny": 31.332172207742722, "maxx": -108.77266139062554, "maxy": 33.119653944561456, "real_name": "Elegant Earless Lizard", "science_name": "Holbrookia elegans"}