{"minx": -111.30072279663857, "miny": 31.332172207742722, "maxx": -107.73395643158733, "maxy": 33.272021908817656, "real_name": "Elegant Trogon", "science_name": "Trogon elegans"}