{"minx": -118.38376523913519, "miny": 32.564766801086016, "maxx": -116.84895416080451, "maxy": 34.04191225596044, "real_name": "Elegant Tern", "science_name": "Thalasseus elegans"}