{"minx": -114.89226342172445, "miny": 25.837377232568308, "maxx": -97.09609769471824, "maxy": 35.41997000451223, "real_name": "Elf Owl", "science_name": "Micrathene whitneyi"}