{"minx": -124.82919055651313, "miny": 30.00114325757205, "maxx": -77.39991027282495, "maxy": 49.00141272067123, "real_name": "Elk", "science_name": "Cervus elaphus"}