{"minx": -103.08425030075652, "miny": 32.36135985252676, "maxx": -89.48054222134596, "maxy": 41.49562081083206, "real_name": "Elliot's Short-tailed Shrew", "science_name": "Blarina hylophaga"}