{"minx": -124.82919055651313, "miny": 32.529275810999366, "maxx": -115.9344213272062, "maxy": 49.00249428082526, "real_name": "Ensatina", "science_name": "Ensatina eschscholtzii"}