{"minx": -124.82919055651313, "miny": 35.13592206106593, "maxx": -66.90176211350195, "maxy": 49.3843578907391, "real_name": "Ermine", "science_name": "Mustela erminea"}