{"minx": -87.63384993318438, "miny": 30.373231195757477, "maxx": -85.56695491465895, "maxy": 32.30605029679439, "real_name": "Escambia Map Turtle", "science_name": "Graptemys ernsti"}