{"minx": -124.82919055651313, "miny": 25.524979414571558, "maxx": -69.86728154030688, "maxy": 49.00249428082524, "real_name": "Eurasian Wigeon", "science_name": "Anas penelope"}