{"minx": -92.06979325972561, "miny": 37.86000197643633, "maxx": -89.13023221814753, "maxy": 41.80687304846024, "real_name": "Eurasian Tree Sparrow", "science_name": "Passer montanus"}