{"minx": -124.82919055651315, "miny": 24.464611132372937, "maxx": -75.21337542134306, "maxy": 49.00249428082528, "real_name": "Eurasian Collared-dove", "science_name": "Streptopelia decaocto"}