{"minx": -100.62231829300885, "miny": 24.464611132372937, "maxx": -75.15065131788424, "maxy": 43.13783654662983, "real_name": "Evening Bat", "science_name": "Nycticeius humeralis"}