{"minx": -124.66824152407844, "miny": 29.67521153130434, "maxx": -68.99893835760636, "maxy": 49.0011323536733, "real_name": "Evening Grosbeak", "science_name": "Coccothraustes vespertinus"}