{"minx": -123.38766395527378, "miny": 29.377920130444693, "maxx": -81.20171343880347, "maxy": 42.007273573695876, "real_name": "Fallow Deer", "science_name": "Dama dama"}