{"minx": -101.62524662323914, "miny": 28.875800600504956, "maxx": -81.92958462043185, "maxy": 47.02556857626502, "real_name": "False Map Turtle", "science_name": "Graptemys pseudogeographica"}