{"minx": -98.92906856847397, "miny": 29.67591537079535, "maxx": -97.87003915934889, "maxy": 30.30244815261907, "real_name": "Fern Bank Salamander", "science_name": "Eurycea pterophila"}