{"minx": -120.71654124005332, "miny": 36.4989272281466, "maxx": -96.34699637780592, "maxy": 49.001132353673256, "real_name": "Ferruginous Hawk", "science_name": "Buteo regalis"}