{"minx": -113.7630344365353, "miny": 25.837377232568308, "maxx": -97.0823097698454, "maxy": 33.49012167930991, "real_name": "Ferruginous Pygmy-owl", "science_name": "Glaucidium brasilianum"}