{"minx": -108.88223656137713, "miny": 37.13751852707991, "maxx": -68.61174152661181, "maxy": 49.000024458890195, "real_name": "Field Sparrow", "science_name": "Spizella pusilla"}