{"minx": -97.08774999550715, "miny": 25.183616977221064, "maxx": -68.92698591973242, "maxy": 45.01095698905656, "real_name": "Fish Crow", "science_name": "Corvus ossifragus"}