{"minx": -124.66824152407844, "miny": 35.45073509362505, "maxx": -66.90176211350195, "maxy": 49.38435789073911, "real_name": "Fisher", "science_name": "Martes pennanti"}