{"minx": -111.60662653479403, "miny": 31.332177073329678, "maxx": -109.86170087806137, "maxy": 32.68999108839249, "real_name": "Five-striped Sparrow", "science_name": "Aimophila quinquestriata"}