{"minx": -124.66109872475803, "miny": 28.971546136987303, "maxx": -102.77142904136052, "maxy": 49.00139119218955, "real_name": "Flammulated Owl", "science_name": "Otus flammeolus"}