{"minx": -87.84785587579756, "miny": 33.00351947721839, "maxx": -85.95362009038396, "maxy": 34.587790293835916, "real_name": "Flattened Musk Turtle", "science_name": "Sternotherus depressus"}