{"minx": -116.8463602518201, "miny": 31.98473240646661, "maxx": -112.59169926110285, "maxy": 34.159438695508946, "real_name": "Flat-tailed Horned Lizard", "science_name": "Phrynosoma mcallii"}