{"minx": -103.33378661850803, "miny": 25.837377232568308, "maxx": -88.81667461413537, "maxy": 39.69150129907441, "real_name": "Flat-headed Snake", "science_name": "Tantilla gracilis"}