{"minx": -119.32370764925498, "miny": 37.68815902312476, "maxx": -118.32091477127688, "maxy": 38.541333415134986, "real_name": "Fletcher Kangaroo Mouse", "science_name": "Microdipodops megacephalus nasutus"}