{"minx": -82.80129059473519, "miny": 25.083410362316304, "maxx": -79.98143115950225, "maxy": 30.39406691630089, "real_name": "Florida Scrub Lizard", "science_name": "Sceloporus woodi"}