{"minx": -87.60634575342397, "miny": 24.464611132372944, "maxx": -79.12010002257617, "maxy": 33.803474122993244, "real_name": "Florida Green Watersnake", "science_name": "Nerodia floridana"}