{"minx": -83.57256656521795, "miny": 24.464611132372916, "maxx": -79.98143115950225, "maxy": 31.88466735120599, "real_name": "Florida Box Turtle", "science_name": "Terrapene carolina bauri"}