{"minx": -85.46973923060759, "miny": 24.464611132372916, "maxx": -79.98143115950225, "maxy": 31.239426932830987, "real_name": "Florida Red-bellied Cooter", "science_name": "Pseudemys nelsoni"}