{"minx": -87.44447279829338, "miny": 30.14880132450931, "maxx": -85.79817098803306, "maxy": 31.078440310342582, "real_name": "Florida Bog Frog", "science_name": "Lithobates okaloosae"}