{"minx": -83.22722732448584, "miny": 25.61297200072816, "maxx": -79.98143115950224, "maxy": 30.10103710911993, "real_name": "Florida Scrub-jay", "science_name": "Aphelocoma coerulescens"}