{"minx": -81.87400975294175, "miny": 26.658385212336707, "maxx": -81.01333303693174, "maxy": 27.7290459678801, "real_name": "Florida Panther", "science_name": "Puma concolor coryi"}