{"minx": -86.89049461885618, "miny": 24.464611132372937, "maxx": -79.98143115950225, "maxy": 30.97990525170852, "real_name": "Florida Burrowing Owl", "science_name": "Athene cunicularia floridana"}