{"minx": -82.51377782881595, "miny": 24.969078267359205, "maxx": -80.02735585645138, "maxy": 27.235158999691826, "real_name": "Florida Bonneted Bat", "science_name": "Eumops floridanus"}