{"minx": -85.2218469533571, "miny": 26.6197079703521, "maxx": -80.26314590868577, "maxy": 31.45201164202735, "real_name": "Florida Wormlizard", "science_name": "Rhineura floridana"}