{"minx": -88.28438760976863, "miny": 25.08341036231627, "maxx": -79.98143115950225, "maxy": 33.67324985400189, "real_name": "Florida Pinesnake", "science_name": "Pituophis melanoleucus mugitus"}