{"minx": -85.45611867855011, "miny": 25.083410362316304, "maxx": -79.98143115950224, "maxy": 30.518096094932293, "real_name": "Florida Deermouse", "science_name": "Podomys floridanus"}