{"minx": -84.04943571101413, "miny": 24.464611132372944, "maxx": -79.98143115950226, "maxy": 32.009757659815406, "real_name": "Florida Brownsnake", "science_name": "Storeria victa"}