{"minx": -82.82756983821173, "miny": 26.94199272024762, "maxx": -80.72356239936337, "maxy": 30.101037109119936, "real_name": "Florida Sand Skink", "science_name": "Plestiodon reynoldsi"}