{"minx": -88.46523654145307, "miny": 25.18361697722106, "maxx": -80.44268917035855, "maxy": 31.601568284932547, "real_name": "Florida Black Bear", "science_name": "Ursus americanus floridanus"}