{"minx": -87.87477805885553, "miny": 24.464611132372937, "maxx": -79.94836310466059, "maxy": 33.51355281813961, "real_name": "Florida Softshell", "science_name": "Apalone ferox"}