{"minx": -83.64155891020329, "miny": 25.524979414571554, "maxx": -79.98143115950225, "maxy": 30.980308823408, "real_name": "Florida Crowned Snake", "science_name": "Tantilla relicta"}