{"minx": -81.72870937075187, "miny": 27.16722373811016, "maxx": -80.72356239936337, "maxy": 28.144132156670718, "real_name": "Florida Grasshoper Sparrow", "science_name": "Ammodramus savannarum floridanus"}