{"minx": -124.66824152407841, "miny": 37.63241181778037, "maxx": -121.51155872647342, "maxy": 45.06840148664705, "real_name": "Fog Shrew", "science_name": "Sorex sonomae"}