{"minx": -124.66824152407844, "miny": 33.80489125699792, "maxx": -117.38711983410788, "maxy": 49.00249428082526, "real_name": "Foothill Yellow-legged Frog", "science_name": "Rana boylii"}