{"minx": -124.20359876441266, "miny": 32.529275810999415, "maxx": -116.84895416080451, "maxy": 40.16936416609134, "real_name": "Fork-tailed Storm-petrel", "science_name": "Oceanodroma furcata"}