{"minx": -122.75112652138517, "miny": 35.444719411777335, "maxx": -73.72774515339341, "maxy": 49.0006913702536, "real_name": "Forster's Tern", "science_name": "Sterna forsteri"}