{"minx": -109.78804259553718, "miny": 31.332172207742722, "maxx": -107.73395643158732, "maxy": 33.272021908817656, "real_name": "Four-lined Skink", "science_name": "Plestiodon tetragrammus"}