{"minx": -94.33891158306136, "miny": 34.44569516669272, "maxx": -93.76126969579155, "maxy": 34.80432880093547, "real_name": "Fourch Mountain Salamander", "science_name": "Plethodon fourchensis"}