{"minx": -96.12039996592489, "miny": 29.896660725048168, "maxx": -66.90176211350197, "maxy": 48.304150773954234, "real_name": "Four-toed Salamander", "science_name": "Hemidactylium scutatum"}