{"minx": -96.96994719623405, "miny": 28.875800600505002, "maxx": -69.86728154030688, "maxy": 45.86938580765187, "real_name": "Fowler's Toad", "science_name": "Anaxyrus fowleri"}