{"minx": -124.23890431348453, "miny": 33.414229686262146, "maxx": -105.1296351619531, "maxy": 49.00223345647736, "real_name": "Fox Sparrow", "science_name": "Passerella iliaca"}