{"minx": -119.36055197836731, "miny": 39.074340048756376, "maxx": -94.90842315242719, "maxy": 49.001132353673256, "real_name": "Franklin's Gull", "science_name": "Leucophaeus pipixcan"}