{"minx": -103.25209754353804, "miny": 37.220850325787744, "maxx": -86.06630679932928, "maxy": 49.38435789073909, "real_name": "Franklin's Ground Squirrel", "science_name": "Poliocitellus franklinii"}