{"minx": -120.89543166608945, "miny": 36.52480174536753, "maxx": -119.79434328619847, "maxy": 37.008998589290044, "real_name": "Fresno Kangaroo Rat", "science_name": "Dipodomys nitratoides exilis"}