{"minx": -113.57735897592033, "miny": 31.332253295564247, "maxx": -101.10405725538405, "maxy": 37.70854099654915, "real_name": "Fringed Myotis", "science_name": "Myotis thysanodes"}