{"minx": -85.12976526133758, "miny": 28.87128874927384, "maxx": -78.89709989867968, "maxy": 33.98746701103866, "real_name": "Frosted Flatwoods Salamander", "science_name": "Ambystoma cingulatum"}