{"minx": -120.18787098924265, "miny": 26.06036388676459, "maxx": -90.87319475173574, "maxy": 36.41981452096403, "real_name": "Fulvous Whistling-duck", "science_name": "Dendrocygna bicolor"}