{"minx": -111.65154660441586, "miny": 25.837377232568308, "maxx": -89.60009898250249, "maxy": 37.47760370207514, "real_name": "Fulvous Harvest Mouse", "science_name": "Reithrodontomys fulvescens"}