{"minx": -122.28439700330779, "miny": 35.11630145077756, "maxx": -119.53128058374368, "maxy": 37.17075187931339, "real_name": "Gabilan Mountains Slender Salamander", "science_name": "Batrachoseps gavilanensis"}