{"minx": -117.35572181145113, "miny": 35.71326369405731, "maxx": -75.16532263523715, "maxy": 49.38435789073909, "real_name": "Gadwall", "science_name": "Anas strepera"}