{"minx": -117.0715523777097, "miny": 29.320950590415936, "maxx": -103.45262888675407, "maxy": 45.45989308438105, "real_name": "Gambel's Quail", "science_name": "Callipepla gambelii"}