{"minx": -118.82182736484891, "miny": 32.52927581099941, "maxx": -115.7139590635349, "maxy": 34.56811377775165, "real_name": "Garden Slender Salamander", "science_name": "Batrachoseps major"}