{"minx": -106.86750801966124, "miny": 32.330495883501406, "maxx": -105.84568311374397, "maxy": 33.8760923309742, "real_name": "Gemsbok", "science_name": "Oryx gazella"}