{"minx": -85.50920383274048, "miny": 30.545441769274294, "maxx": -83.49027938095092, "maxy": 32.347476113890146, "real_name": "Georgia Blind Salamander", "science_name": "Haideotriton wallacei"}