{"minx": -97.97619947849566, "miny": 30.583579039088473, "maxx": -97.42861146030386, "maxy": 30.95208478736923, "real_name": "Georgetown Salamander", "science_name": "Eurycea naufragia"}