{"minx": -122.45697886567908, "miny": 35.48061898324295, "maxx": -119.42913067438619, "maxy": 39.977343863903776, "real_name": "Giant Gartersnake", "science_name": "Thamnophis gigas"}