{"minx": -121.03660974803914, "miny": 34.75776100462989, "maxx": -119.04366660976977, "maxy": 37.0123731432006, "real_name": "Giant Kangaroo Rat", "science_name": "Dipodomys ingens"}