{"minx": -115.62874213959003, "miny": 31.332172207742722, "maxx": -108.16232541999851, "maxy": 36.04321210254252, "real_name": "Gila Woodpecker", "science_name": "Melanerpes uropygialis"}