{"minx": -116.2582343814297, "miny": 31.332172207742722, "maxx": -106.4851472201434, "maxy": 38.38342070225377, "real_name": "Gila Monster", "science_name": "Heloderma suspectum"}