{"minx": -114.99433581895033, "miny": 31.332172207742722, "maxx": -106.98306049778401, "maxy": 36.79998705505781, "real_name": "Gila Spotted Whiptail", "science_name": "Aspidoscelis flagellicauda"}