{"minx": -122.42171556974256, "miny": 32.55535460462541, "maxx": -111.39039671808271, "maxy": 39.86010417383246, "real_name": "Gilbert's Skink", "science_name": "Plestiodon gilberti"}