{"minx": -115.76771811408838, "miny": 31.332177073329685, "maxx": -109.8080046502482, "maxy": 36.04321210254252, "real_name": "Gilded Flicker", "science_name": "Colaptes chrysoides"}