{"minx": -124.66824152407841, "miny": 32.529275810999415, "maxx": -116.75437040451408, "maxy": 48.30472167823228, "real_name": "Glaucous-winged Gull", "science_name": "Larus glaucescens"}