{"minx": -124.82919055651313, "miny": 35.16480749830373, "maxx": -66.90176211350195, "maxy": 49.00249428082528, "real_name": "Glaucous Gull", "science_name": "Larus hyperboreus"}