{"minx": -122.15923584991091, "miny": 25.837377232568308, "maxx": -95.04662257314418, "maxy": 41.78465930881343, "real_name": "Glossy Snake", "science_name": "Arizona elegans"}