{"minx": -76.68625509903319, "miny": 37.96122193633795, "maxx": -68.96384224552934, "maxy": 44.334827863754015, "real_name": "Glossy Ibis", "science_name": "Plegadis falcinellus"}