{"minx": -97.12762999770491, "miny": 27.681625436751155, "maxx": -75.40432755921594, "maxy": 37.70420683163598, "real_name": "Glossy Crayfish Snake", "science_name": "Regina rigida"}