{"minx": -124.82919055651313, "miny": 32.22691462116022, "maxx": -112.8847782989705, "maxy": 49.00249428082528, "real_name": "Golden-crowned Sparrow", "science_name": "Zonotrichia atricapilla"}