{"minx": -124.82919055651313, "miny": 36.4546379926691, "maxx": -118.2746179761443, "maxy": 49.00115842045143, "real_name": "Golden Eagle", "science_name": "Aquila chrysaetos"}