{"minx": -104.03851321599825, "miny": 25.837377232568308, "maxx": -96.03671999048017, "maxy": 36.565719624328196, "real_name": "Golden-fronted Woodpecker", "science_name": "Melanerpes aurifrons"}