{"minx": -97.14539268266192, "miny": 34.50726377028847, "maxx": -69.86728154030689, "maxy": 49.09049740004671, "real_name": "Golden-winged Warbler", "science_name": "Vermivora chrysoptera"}