{"minx": -95.86175748814946, "miny": 26.658385212336714, "maxx": -75.40432755921597, "maxy": 39.46412012012188, "real_name": "Golden Mouse", "science_name": "Ochrotomys nuttalli"}