{"minx": -100.77924181523488, "miny": 29.2769761283601, "maxx": -97.09720001647736, "maxy": 33.11938983500742, "real_name": "Golden-cheeked Warbler", "science_name": "Dendroica chrysoparia"}