{"minx": -96.49867577297462, "miny": 43.56702437188415, "maxx": -68.0427810975958, "maxy": 49.38435789073909, "real_name": "Golden-crowned Kinglet", "science_name": "Regulus satrapa"}