{"minx": -124.33751994463732, "miny": 31.776704759459935, "maxx": -101.46920995355286, "maxy": 49.00139119218955, "real_name": "Golden-mantled Ground Squirrel", "science_name": "Callospermophilus lateralis"}