{"minx": -114.80057898273476, "miny": 31.383876167171394, "maxx": -111.07316541101235, "maxy": 33.57379135884712, "real_name": "Goode's Horned Lizard", "science_name": "Phrynosoma goodei"}