{"minx": -90.81029837603455, "miny": 24.68871080443756, "maxx": -79.98143115950225, "maxy": 33.67324985400186, "real_name": "Gopher Tortoise", "science_name": "Gopherus polyphemus"}