{"minx": -124.66824152407844, "miny": 25.837377232568286, "maxx": -86.10448633597822, "maxy": 49.001391192189594, "real_name": "Gophersnake", "science_name": "Pituophis catenifer"}