{"minx": -89.3817571985266, "miny": 25.524979414571547, "maxx": -75.78972165776098, "maxy": 35.51403628603973, "real_name": "Gopher Frog", "science_name": "Lithobates capito"}