{"minx": -117.91220332250406, "miny": 30.56455313891715, "maxx": -102.94159370057254, "maxy": 39.3028520547791, "real_name": "Grace's Warbler", "science_name": "Dendroica graciae"}