{"minx": -101.84512253325512, "miny": 27.715391006435848, "maxx": -87.09437773533382, "maxy": 43.21870499448946, "real_name": "Graham's Crayfish Snake", "science_name": "Regina grahamii"}