{"minx": -117.91981123301012, "miny": 32.52927581099941, "maxx": -115.7139590635349, "maxy": 34.2380042235758, "real_name": "Granite Spiny Lizard", "science_name": "Sceloporus orcutti"}