{"minx": -117.68347527474454, "miny": 32.52927581099941, "maxx": -115.69200723931476, "maxy": 34.15943869550898, "real_name": "Granite Night Lizard", "science_name": "Xantusia henshawi"}