{"minx": -99.49668984994499, "miny": 25.837377232568322, "maxx": -97.08230976984538, "maxy": 28.009018553622074, "real_name": "Graphic Spiny Lizard", "science_name": "Sceloporus grammicus"}