{"minx": -124.47443617035336, "miny": 31.62074119924251, "maxx": -68.99893835760639, "maxy": 49.001391192189594, "real_name": "Grasshopper Sparrow", "science_name": "Ammodramus savannarum"}