{"minx": -118.97661178586526, "miny": 29.55850064109368, "maxx": -100.72591580640831, "maxy": 41.24973637151759, "real_name": "Gray Vireo", "science_name": "Vireo vicinior"}