{"minx": -109.78804259553718, "miny": 31.44784871384084, "maxx": -108.17161910327629, "maxy": 32.84159403830283, "real_name": "Gray Checkered Whiptail", "science_name": "Aspidoscelis dixoni"}