{"minx": -99.74598774814532, "miny": 27.77312968160372, "maxx": -66.90176211350197, "maxy": 49.38435789073906, "real_name": "Gray Treefrog", "science_name": "Hyla versicolor"}