{"minx": -124.66824152407841, "miny": 24.68871080443756, "maxx": -68.6117415266118, "maxy": 49.3843578907391, "real_name": "Gray Fox", "science_name": "Urocyon cinereoargenteus"}