{"minx": -106.24007980792736, "miny": 30.91332482437457, "maxx": -104.33376779218553, "maxy": 34.46653229606447, "real_name": "Gray-footed Chipmunk", "science_name": "Tamias canipes"}