{"minx": -122.19207631407868, "miny": 31.548691717008897, "maxx": -102.58657617046744, "maxy": 49.00141272067123, "real_name": "Gray Flycatcher", "science_name": "Empidonax wrightii"}