{"minx": -91.75640602127262, "miny": 29.746278879059638, "maxx": -71.18770233855965, "maxy": 44.890823334188795, "real_name": "Gray Ratsnake", "science_name": "Pantherophis spiloides"}