{"minx": -116.32893145880696, "miny": 37.736945025808765, "maxx": -115.90237576746723, "maxy": 37.968153236248746, "real_name": "Gray Partridge", "science_name": "Perdix perdix"}