{"minx": -106.52864268016118, "miny": 28.971546136987296, "maxx": -99.74967493410755, "maxy": 32.80368663148241, "real_name": "Gray-banded Kingsnake", "science_name": "Lampropeltis alterna"}