{"minx": -113.21541800118703, "miny": 31.77670475945993, "maxx": -105.63081155373759, "maxy": 36.38717059592641, "real_name": "Gray-collared Chipmunk", "science_name": "Tamias cinereicollis"}