{"minx": -89.20514271814378, "miny": 24.464611132372944, "maxx": -79.98143115950225, "maxy": 31.745733961880084, "real_name": "Gray Kingbird", "science_name": "Tyrannus dominicensis"}