{"minx": -95.281999969637, "miny": 30.186753099612407, "maxx": -80.20385545511087, "maxy": 41.29799352646702, "real_name": "Gray Myotis", "science_name": "Myotis grisescens"}