{"minx": -124.50825030292758, "miny": 36.63903153827372, "maxx": -117.78116245883457, "maxy": 49.00141272067121, "real_name": "Gray-crowned Rosy-finch", "science_name": "Leucosticte tephrocotis"}