{"minx": -124.82919055651315, "miny": 33.35927553348346, "maxx": -66.90176211350195, "maxy": 49.38435789073909, "real_name": "Gray Jay", "science_name": "Perisoreus canadensis"}