{"minx": -122.95980586418149, "miny": 28.927312855852872, "maxx": -66.90176211350195, "maxy": 49.38435789073911, "real_name": "Gray Catbird", "science_name": "Dumetella carolinensis"}