{"minx": -112.40301710132056, "miny": 28.971546136987314, "maxx": -100.29983979408647, "maxy": 34.33966779470968, "real_name": "Gray Hawk", "science_name": "Buteo nitidus"}