{"minx": -123.5549168454057, "miny": 43.98311157106681, "maxx": -122.13711217328355, "maxy": 46.00260320835131, "real_name": "Gray-tailed Vole", "science_name": "Microtus canicaudus"}