{"minx": -122.0169613511105, "miny": 32.414289273180906, "maxx": -83.43554948569083, "maxy": 49.38435789073909, "real_name": "Gray Wolf", "science_name": "Canis lupus"}