{"minx": -88.0932898260462, "miny": 24.9690782673592, "maxx": -75.40432755921593, "maxy": 38.366736331672904, "real_name": "Greater Siren", "science_name": "Siren lacertina"}