{"minx": -123.58686065328303, "miny": 37.28635600694372, "maxx": -91.81585916585779, "maxy": 43.69488687849949, "real_name": "Great-tailed Grackle", "science_name": "Quiscalus mexicanus"}