{"minx": -114.4936494320273, "miny": 25.837377232568308, "maxx": -93.44420277189778, "maxy": 41.630784399206775, "real_name": "Great Plains Skink", "science_name": "Plestiodon obsoletus"}