{"minx": -110.45189725445518, "miny": 25.837377232568322, "maxx": -89.51429126608983, "maxy": 40.98910930562842, "real_name": "Great Plains Ratsnake", "science_name": "Pantherophis emoryi"}