{"minx": -104.67501606313247, "miny": 37.953742959132924, "maxx": -93.80319787224204, "maxy": 48.601622743663754, "real_name": "Greater Prairie Chicken", "science_name": "Tympanuchus cupido pinnatus"}