{"minx": -121.15876494562195, "miny": 32.45861621547695, "maxx": -69.86728154030689, "maxy": 47.33893758015646, "real_name": "Great Egret", "science_name": "Ardea alba"}