{"minx": -114.62034731601281, "miny": 26.036338117461916, "maxx": -96.33107122252939, "maxy": 36.052838376215234, "real_name": "Greater Earless Lizard", "science_name": "Cophosaurus texanus"}