{"minx": -118.98162085303646, "miny": 30.27676299194553, "maxx": -101.79903321091125, "maxy": 49.00113235367329, "real_name": "Greater Short-horned Lizard", "science_name": "Phrynosoma hernandesi"}