{"minx": -112.64297327307033, "miny": 31.332172207742722, "maxx": -107.73395643158733, "maxy": 34.80191359583441, "real_name": "Greater Pewee", "science_name": "Contopus pertinax"}