{"minx": -104.67501606313246, "miny": 28.110289613296384, "maxx": -93.80319787224202, "maxy": 48.601622743663754, "real_name": "Greater Prairie-chicken", "science_name": "Tympanuchus cupido"}