{"minx": -122.7230075037244, "miny": 28.971546136987303, "maxx": -101.18347642948173, "maxy": 42.16831577984061, "real_name": "Greater Bonneted Bat", "science_name": "Eumops perotis"}