{"minx": -116.8463602518201, "miny": 28.971546136987303, "maxx": -90.61541347517195, "maxy": 49.00113235367329, "real_name": "Great Plains Toad", "science_name": "Anaxyrus cognatus"}