{"minx": -124.66824152407841, "miny": 25.837377232568308, "maxx": -88.81143664847728, "maxy": 47.41850756283219, "real_name": "Greater White-fronted Goose", "science_name": "Anser albifrons"}