{"minx": -124.66824152407844, "miny": 24.464611132372944, "maxx": -71.72313124667139, "maxy": 48.8722379943615, "real_name": "Greater Yellowlegs", "science_name": "Tringa melanoleuca"}