{"minx": -84.94815185399736, "miny": 28.222891977915232, "maxx": -68.33265464812574, "maxy": 46.53978357233877, "real_name": "Great Black-backed Gull", "science_name": "Larus marinus"}