{"minx": -101.8515407757561, "miny": 25.837377232568322, "maxx": -96.90480840946502, "maxy": 30.232705570843866, "real_name": "Great Kiskadee", "science_name": "Pitangus sulphuratus"}