{"minx": -120.61801465660741, "miny": 32.7127613544675, "maxx": -91.64789856894814, "maxy": 49.38435789073909, "real_name": "Great Blue Heron", "science_name": "Ardea herodias"}