{"minx": -122.86141575238788, "miny": 35.18313776206241, "maxx": -108.66692347085214, "maxy": 49.00070572662589, "real_name": "Great Basin Pocket Mouse", "science_name": "Perognathus parvus"}