{"minx": -122.83622382255426, "miny": 25.837377232568286, "maxx": -90.60658962120962, "maxy": 40.758805297114336, "real_name": "Greater Roadrunner", "science_name": "Geococcyx californianus"}