{"minx": -121.25494104815483, "miny": 32.14614541147945, "maxx": -109.00040454186785, "maxy": 44.522118347752084, "real_name": "Great Basin Collared Lizard", "science_name": "Crotaphytus bicinctores"}