{"minx": -81.00429493199856, "miny": 32.006825871956835, "maxx": -66.90176211350197, "maxy": 45.15819418936508, "real_name": "Great Cormorant", "science_name": "Phalacrocorax carbo"}