{"minx": -121.90801321298032, "miny": 36.38309175736563, "maxx": -102.38212348428439, "maxy": 49.001132353673256, "real_name": "Greater Sage-grouse", "science_name": "Centrocercus urophasianus"}