{"minx": -122.75554182805344, "miny": 36.74565212298422, "maxx": -84.09730960503431, "maxy": 49.38435789073909, "real_name": "Great Gray Owl", "science_name": "Strix nebulosa"}