{"minx": -122.30707975122074, "miny": 34.90676167580189, "maxx": -105.74799913586013, "maxy": 49.000436432433446, "real_name": "Great Basin Spadefoot", "science_name": "Spea intermontana"}