{"minx": -124.82919055651313, "miny": 25.837377232568308, "maxx": -67.4033733433071, "maxy": 49.002425450260866, "real_name": "Greater Scaup", "science_name": "Aythya marila"}