{"minx": -104.18718729124066, "miny": 26.294214745446226, "maxx": -66.90176211350197, "maxy": 49.38435789073909, "real_name": "Great Crested Flycatcher", "science_name": "Myiarchus crinitus"}