{"minx": -112.69075057665766, "miny": 31.332172207742722, "maxx": -107.73395643158733, "maxy": 32.841594038302844, "real_name": "Green Ratsnake", "science_name": "Senticolis triaspis"}