{"minx": -100.82258957455316, "miny": 24.464611132372937, "maxx": -74.99173977425991, "maxy": 39.89117912729963, "real_name": "Green Treefrog", "science_name": "Hyla cinerea"}