{"minx": -98.48326967226025, "miny": 25.837377232568308, "maxx": -97.09609769471822, "maxy": 26.542023920025493, "real_name": "Green Parakeet", "science_name": "Aratinga holochlora"}