{"minx": -99.75630652175363, "miny": 25.837377232568308, "maxx": -96.41156064012593, "maxy": 28.506714789744045, "real_name": "Green Jay", "science_name": "Cyanocorax yncas"}