{"minx": -100.7760740494996, "miny": 24.464611132372937, "maxx": -75.40432755921597, "maxy": 37.2068586068005, "real_name": "Green Anole", "science_name": "Anolis carolinensis"}