{"minx": -98.29106624757713, "miny": 27.104325279151542, "maxx": -66.90176211350193, "maxy": 49.38435789073911, "real_name": "Green Frog", "science_name": "Lithobates clamitans"}