{"minx": -76.50810314943196, "miny": 36.791704525854335, "maxx": -66.90176211350195, "maxy": 44.85994141807701, "real_name": "Green Sea Turtle", "science_name": "Chelonia mydas"}