{"minx": -124.82919055651313, "miny": 26.335766460746136, "maxx": -66.90176211350195, "maxy": 49.00249428082528, "real_name": "Green Heron", "science_name": "Butorides virescens"}