{"minx": -124.82919055651313, "miny": 24.464611132372937, "maxx": -72.06292238572746, "maxy": 49.00245905804304, "real_name": "Green-winged Teal", "science_name": "Anas crecca"}