{"minx": -123.64246979171195, "miny": 34.00536806643528, "maxx": -102.889989394542, "maxy": 48.87527266029278, "real_name": "Green-tailed Towhee", "science_name": "Pipilo chlorurus"}