{"minx": -88.28438760976863, "miny": 24.464611132372944, "maxx": -79.98143115950225, "maxy": 31.097010565271887, "real_name": "Greenhouse Frog", "science_name": "Eleutherodactylus planirostris"}