{"minx": -111.30072279663857, "miny": 25.837377232568308, "maxx": -96.90480840946502, "maxy": 32.68999108839246, "real_name": "Green Kingfisher", "science_name": "Chloroceryle americana"}