{"minx": -110.71540244373413, "miny": 25.837377232568308, "maxx": -96.22368558972663, "maxy": 39.24431521923262, "real_name": "Green Toad", "science_name": "Anaxyrus debilis"}