{"minx": -88.67767204074597, "miny": 32.9391602065515, "maxx": -78.34800956754214, "maxy": 40.22827145175455, "real_name": "Green Salamander", "science_name": "Aneides aeneus"}