{"minx": -120.64562157612286, "miny": 35.12600385290733, "maxx": -118.3274964646333, "maxy": 37.887099156127114, "real_name": "Gregarious Salamander", "science_name": "Batrachoseps gregarius"}