{"minx": -102.84767331608548, "miny": 25.837377232568308, "maxx": -97.03801702044855, "maxy": 30.51236604094538, "real_name": "Groove-billed Ani", "science_name": "Crotophaga sulcirostris"}