{"minx": -95.72971994827238, "miny": 35.27739953970637, "maxx": -90.35988701158365, "maxy": 38.48682315558593, "real_name": "Grotto Salamander", "science_name": "Eurycea spelaea"}