{"minx": -123.80051440747432, "miny": 32.52927581099941, "maxx": -116.84895416080451, "maxy": 38.9827439669334, "real_name": "Guadalupe Fur Seal", "science_name": "Arctocephalus townsendi"}