{"minx": -90.54714531883725, "miny": 30.075761626295275, "maxx": -85.7730083009455, "maxy": 33.99544020064043, "real_name": "Gulf Coast Smooth Softshell", "science_name": "Apalone mutica calvata"}