{"minx": -100.10848824792392, "miny": 25.837377232568286, "maxx": -96.41156064012594, "maxy": 29.80215334612511, "real_name": "Gulf Coast Kangaroo Rat", "science_name": "Dipodomys compactus"}