{"minx": -96.29382547367598, "miny": 29.464691143804874, "maxx": -83.64935558035923, "maxy": 34.999813610082235, "real_name": "Gulf Coast Waterdog", "science_name": "Necturus beyeri"}