{"minx": -106.99592683748499, "miny": 25.837377232568322, "maxx": -88.52277132246411, "maxy": 34.057009917019315, "real_name": "Gulf Coast Toad", "science_name": "Ollotis nebulifer"}