{"minx": -117.24992362712176, "miny": 25.759935107862812, "maxx": -73.15094876526231, "maxy": 41.02682241820975, "real_name": "Gull-billed Tern", "science_name": "Gelochelidon nilotica"}