{"minx": -114.30681280697777, "miny": 32.8636794623626, "maxx": -103.15584406743105, "maxy": 41.21017843361389, "real_name": "Gunnison's Prairie Dog", "science_name": "Cynomys gunnisoni"}