{"minx": -109.89238408066937, "miny": 37.26570462608113, "maxx": -105.42850395099242, "maxy": 39.84287114203239, "real_name": "Gunnison Sage-grouse", "science_name": "Centrocercus minimus"}