{"minx": -124.80907527625378, "miny": 41.51712524092507, "maxx": -66.90176211350197, "maxy": 49.38435789073909, "real_name": "Gyrfalcon", "science_name": "Falco rusticolus"}