{"minx": -84.36805686357704, "miny": 34.87704345030086, "maxx": -70.01505852626032, "maxy": 45.67121635886856, "real_name": "Hairy-tailed Mole", "science_name": "Parascalops breweri"}