{"minx": -122.51476543348265, "miny": 32.914317929686874, "maxx": -116.10780271893893, "maxy": 40.92065896367746, "real_name": "Hairy Woodpecker", "science_name": "Picoides villosus"}