{"minx": -124.82919055651315, "miny": 35.40429685574354, "maxx": -103.15584406743103, "maxy": 49.00249428082528, "real_name": "Hammond's Flycatcher", "science_name": "Empidonax hammondii"}