{"minx": -74.39823856748261, "miny": 39.618763318620665, "maxx": -69.86728154030685, "maxy": 42.597839036597534, "real_name": "Harbor Seal", "science_name": "Phoca vitulina"}