{"minx": -124.64350363381065, "miny": 37.34211090405786, "maxx": -106.56581479166749, "maxy": 49.00245905804304, "real_name": "Harlequin Duck", "science_name": "Histrionicus histrionicus"}