{"minx": -99.44241241675132, "miny": 24.464611132372944, "maxx": -77.011504523068, "maxy": 35.534015525798644, "real_name": "Harlequin Coralsnake", "science_name": "Micrurus fulvius"}