{"minx": -114.92849440830824, "miny": 31.332172207742722, "maxx": -107.73395643158733, "maxy": 36.233254964902244, "real_name": "Harris' Antelope Squirrel", "science_name": "Ammospermophilus harrisii"}