{"minx": -115.33853029055987, "miny": 25.837377232568308, "maxx": -95.04662257314418, "maxy": 34.8278591015967, "real_name": "Harris's Hawk", "science_name": "Parabuteo unicinctus"}