{"minx": -106.72319977320693, "miny": 26.060363886764602, "maxx": -92.04159857638605, "maxy": 45.50501469123533, "real_name": "Harris's Sparrow", "science_name": "Zonotrichia querula"}