{"minx": -120.99150451992222, "miny": 24.464611132372916, "maxx": -69.86728154030688, "maxy": 41.88723894296556, "real_name": "Hawksbill Sea Turtle", "science_name": "Eretmochelys imbricata"}