{"minx": -122.42171556974259, "miny": 34.24046710110024, "maxx": -118.50977158454988, "maxy": 38.777188972838985, "real_name": "Heermann's Kangaroo Rat", "science_name": "Dipodomys heermanni"}