{"minx": -123.16439450314186, "miny": 32.529275810999415, "maxx": -116.79853239214862, "maxy": 38.426187501523415, "real_name": "Heermann's Gull", "science_name": "Larus heermanni"}