{"minx": -93.21247450010537, "miny": 34.58143963516493, "maxx": -76.47179455861357, "maxy": 42.45676680811713, "real_name": "Hellbender", "science_name": "Cryptobranchus alleganiensis"}