{"minx": -121.17249785811148, "miny": 37.34211090405786, "maxx": -119.5851933891547, "maxy": 39.26701284456732, "real_name": "Hell Hollow Slender Salamander", "science_name": "Batrachoseps diabolicus"}