{"minx": -98.18621062224044, "miny": 34.4684954432181, "maxx": -73.3655392397427, "maxy": 45.23651832774294, "real_name": "Henslow's Sparrow", "science_name": "Ammodramus henslowii"}