{"minx": -117.04148586011775, "miny": 29.218904578269388, "maxx": -102.12457063030197, "maxy": 39.49490234098102, "real_name": "Hepatic Tanager", "science_name": "Piranga flava"}