{"minx": -124.66824152407841, "miny": 33.30527278535067, "maxx": -116.05625744683843, "maxy": 48.87072800440886, "real_name": "Hermit Warbler", "science_name": "Dendroica occidentalis"}