{"minx": -108.67123931304096, "miny": 31.33322314178633, "maxx": -108.46094241782549, "maxy": 31.352919120896775, "real_name": "Hermit Thrush", "science_name": "Catharus guttatus"}