{"minx": -97.10631886017293, "miny": 42.31977362207643, "maxx": -66.90176211350195, "maxy": 49.38435789073909, "real_name": "Herring Gull", "science_name": "Larus argentatus"}