{"minx": -121.38460677149614, "miny": 34.93539005476031, "maxx": -107.20333633639143, "maxy": 35.87775466539005, "real_name": "Himalayan Tahr", "science_name": "Hemitragus jemlahicus"}