{"minx": -115.88701548905529, "miny": 24.464611132372937, "maxx": -75.40432755921594, "maxy": 41.04445356509476, "real_name": "Hispid Cotton Rat", "science_name": "Sigmodon hispidus"}