{"minx": -111.67229702143587, "miny": 25.837377232568286, "maxx": -92.86910874934733, "maxy": 46.84149462752751, "real_name": "Hispid Pocket Mouse", "science_name": "Chaetodipus hispidus"}