{"minx": -122.76694906148563, "miny": 44.69158885805435, "maxx": -111.96745955853967, "maxy": 49.00249428082526, "real_name": "Hoary Marmot", "science_name": "Marmota caligata"}