{"minx": -124.82919055651315, "miny": 38.09303846229343, "maxx": -66.90176211350197, "maxy": 49.38435789073909, "real_name": "Hoary Redpoll", "science_name": "Carduelis hornemanni"}