{"minx": -124.80907527625375, "miny": 25.837377232568322, "maxx": -67.75042260371615, "maxy": 49.38435789073911, "real_name": "Hoary Bat", "science_name": "Lasiurus cinereus"}