{"minx": -113.21541800118703, "miny": 31.332172207742722, "maxx": -108.16232541999854, "maxy": 35.86652010540891, "real_name": "Hooded Skunk", "science_name": "Mephitis macroura"}