{"minx": -124.47443617035336, "miny": 25.837377232568286, "maxx": -97.08230976984538, "maxy": 41.51911135592369, "real_name": "Hooded Oriole", "science_name": "Icterus cucullatus"}