{"minx": -96.87435689867353, "miny": 28.38933075190178, "maxx": -71.1877023385596, "maxy": 43.73984396245482, "real_name": "Hooded Warbler", "science_name": "Wilsonia citrina"}