{"minx": -122.24892167344275, "miny": 37.543758354699996, "maxx": -66.90176211350195, "maxy": 49.38435789073909, "real_name": "Hooded Merganser", "science_name": "Lophodytes cucullatus"}