{"minx": -98.60796194490531, "miny": 25.837377232568286, "maxx": -97.09609769471822, "maxy": 26.579280558724513, "real_name": "Hook-billed Kite", "science_name": "Chondrohierax uncinatus"}