{"minx": -111.90111042345752, "miny": 36.13287351828092, "maxx": -106.1803060300482, "maxy": 41.00236939668001, "real_name": "Hopi Chipmunk", "science_name": "Tamias rufus"}