{"minx": -121.53701221685785, "miny": 44.678326409868134, "maxx": -86.43150991587999, "maxy": 49.38435789073909, "real_name": "Horned Grebe", "science_name": "Podiceps auritus"}