{"minx": -121.48740349405853, "miny": 36.21539276775126, "maxx": -82.1264821741341, "maxy": 49.38435789073909, "real_name": "Horned Lark", "science_name": "Eremophila alpestris"}