{"minx": -122.50809014028508, "miny": 30.70816047443099, "maxx": -75.03376026991538, "maxy": 47.997084238540644, "real_name": "Horse", "science_name": "Equus caballus"}