{"minx": -124.66824152407844, "miny": 32.41336462317994, "maxx": -66.90176211350195, "maxy": 49.38435789073909, "real_name": "House Wren", "science_name": "Troglodytes aedon"}