{"minx": -124.47082537551587, "miny": 24.464611132372937, "maxx": -68.39433021264297, "maxy": 49.00245905804304, "real_name": "House Mouse", "science_name": "Mus musculus"}