{"minx": -97.3811681713851, "miny": 29.045984681141487, "maxx": -95.75566152796839, "maxy": 31.699356889686083, "real_name": "Houston Toad", "science_name": "Anaxyrus houstonensis"}