{"minx": -121.37256396955104, "miny": 36.34789115330842, "maxx": -117.79771210300734, "maxy": 41.105774859502084, "real_name": "House Finch", "science_name": "Carpodacus mexicanus"}