{"minx": -99.496689849945, "miny": 25.837377232568286, "maxx": -90.97486742995342, "maxy": 37.17993402649195, "real_name": "Hurter's Spadefoot", "science_name": "Scaphiopus hurterii"}