{"minx": -122.66220929257919, "miny": 38.0437105050129, "maxx": -120.96239217956557, "maxy": 40.528931155969005, "real_name": "Hutton's Vireo", "science_name": "Vireo huttoni"}