{"minx": -87.14612296545141, "miny": 33.735705480060766, "maxx": -66.90176211350195, "maxy": 46.18171689978021, "real_name": "Iceland Gull", "science_name": "Larus glaucoides"}