{"minx": -114.56637366430593, "miny": 40.7389185170737, "maxx": -110.19948363334137, "maxy": 46.763388017328566, "real_name": "Idaho Pocket Gopher", "science_name": "Thomomys idahoensis"}