{"minx": -117.17122938700265, "miny": 43.89470194999817, "maxx": -115.9563516007655, "maxy": 45.147492244927186, "real_name": "Idaho Ground Squirrel", "science_name": "Urocitellus brunneus"}