{"minx": -117.2216190810957, "miny": 44.04018939628892, "maxx": -114.11423480941461, "maxy": 48.19020156952749, "real_name": "Idaho Giant Salamander", "science_name": "Dicamptodon aterrimus"}