{"minx": -90.93008535622236, "miny": 35.761155815525846, "maxx": -88.89711423606818, "maxy": 40.82989114157994, "real_name": "Illinois Chorus Frog", "science_name": "Pseudacris illinoensis"}