{"minx": -83.8693014444379, "miny": 35.326145540744314, "maxx": -82.88378993113422, "maxy": 35.92150069281096, "real_name": "Imitator Salamander", "science_name": "Desmognathus imitator"}