{"minx": -117.83581915384268, "miny": 25.837377232568322, "maxx": -92.80433119960065, "maxy": 37.60800344465111, "real_name": "Inca Dove", "science_name": "Columbina inca"}