{"minx": -95.3409525159366, "miny": 35.1080262066358, "maxx": -72.77847758642345, "maxy": 44.766808777571775, "real_name": "Indiana Myotis", "science_name": "Myotis sodalis"}