{"minx": -117.97091026160986, "miny": 26.044731210789237, "maxx": -66.97589518352356, "maxy": 49.38435789073909, "real_name": "Indigo Bunting", "science_name": "Passerina cyanea"}