{"minx": -104.80921569197149, "miny": 26.35324431512668, "maxx": -87.86520717924256, "maxy": 48.26541647739161, "real_name": "Interior Least Tern", "science_name": "Sternula antillarum athalassos"}