{"minx": -118.33894133757919, "miny": 36.5212907952631, "maxx": -117.76930609034308, "maxy": 36.98789325968627, "real_name": "Inyo Mountains Salamander", "science_name": "Batrachoseps campi"}