{"minx": -119.6355653754936, "miny": 35.183137762062415, "maxx": -113.49291380913394, "maxy": 39.803275635337314, "real_name": "Inyo Shrew", "science_name": "Sorex tenellus"}