{"minx": -119.85446665749039, "miny": 32.6891360648117, "maxx": -117.82082492659133, "maxy": 33.78046542720662, "real_name": "Island Night Lizard", "science_name": "Xantusia riversiana"}