{"minx": -120.05242257389155, "miny": 33.58599960702931, "maxx": -119.16026179150455, "maxy": 34.24563615545896, "real_name": "Island Scrub-jay", "science_name": "Aphelocoma insularis"}