{"minx": -85.45611867855011, "miny": 24.688710804437537, "maxx": -78.89709989867966, "maxy": 33.67265891548845, "real_name": "Island Glass Lizard", "science_name": "Ophisaurus compressus"}