{"minx": -120.5199120325228, "miny": 32.68913606481174, "maxx": -117.8208249265913, "maxy": 34.26442671096204, "real_name": "Island Fox", "science_name": "Urocyon littoralis"}