{"minx": -113.7630344365353, "miny": 31.332172207742722, "maxx": -106.98306049778401, "maxy": 34.07915336002997, "real_name": "Jaguar", "science_name": "Panthera onca"}