{"minx": -98.79776684782286, "miny": 25.837377232568308, "maxx": -97.09609769471822, "maxy": 26.643940014523462, "real_name": "Jaguarundi", "science_name": "Puma yagouarondi"}