{"minx": -82.9751319185541, "miny": 24.464611132372937, "maxx": -80.21390235828835, "maxy": 26.42816689690159, "real_name": "Jamaican Fruit-eating Bat", "science_name": "Artibeus jamaicensis"}