{"minx": -88.16152938623368, "miny": 36.39968136240663, "maxx": -70.77671070085367, "maxy": 45.014837527051846, "real_name": "Jefferson Salamander", "science_name": "Ambystoma jeffersonianum"}