{"minx": -107.14111878001344, "miny": 35.44432036724586, "maxx": -106.07837041208866, "maxy": 36.2799070680112, "real_name": "Jemez Mountains Salamander", "science_name": "Plethodon neomexicanus"}