{"minx": -98.03639817832988, "miny": 30.210603484697955, "maxx": -97.45842799370786, "maxy": 30.76989671683869, "real_name": "Jollyville Plateau Salamander", "science_name": "Eurycea tonkawae"}