{"minx": -84.47351510877407, "miny": 35.09289738760371, "maxx": -83.31209875579583, "maxy": 35.85746553630876, "real_name": "Junaluska Salamander", "science_name": "Eurycea junaluska"}