{"minx": -121.57339215413334, "miny": 30.05237038485051, "maxx": -101.10405725538406, "maxy": 43.82655928946908, "real_name": "Juniper Titmouse", "science_name": "Baeolophus ridgwayi"}