{"minx": -112.66506036645644, "miny": 36.07460728985018, "maxx": -111.81144150265075, "maxy": 37.0463376880014, "real_name": "Kaibab Squirrel", "science_name": "Sciurus aberti kaibabensis"}