{"minx": -100.2664100521023, "miny": 25.837377232568286, "maxx": -96.29037205683436, "maxy": 29.85930228985022, "real_name": "Keeled Earless Lizard", "science_name": "Holbrookia propinqua"}