{"minx": -124.82919055651315, "miny": 46.96087009917511, "maxx": -121.96091241066875, "maxy": 49.00249428082526, "real_name": "Keen's Myotis", "science_name": "Myotis keenii"}