{"minx": -81.7397532829306, "miny": 25.083410362316304, "maxx": -66.90176211350196, "maxy": 44.990655739341186, "real_name": "Kemp's Ridley Sea Turtle", "science_name": "Lepidochelys kempii"}