{"minx": -96.90503002885441, "miny": 29.541648843621076, "maxx": -73.49512374527063, "maxy": 44.594912284831494, "real_name": "Kentucky Warbler", "science_name": "Oporornis formosus"}