{"minx": -118.58390357909205, "miny": 35.4637940527359, "maxx": -117.73401096247713, "maxy": 36.612064875789535, "real_name": "Kern Plateau Salamander", "science_name": "Batrachoseps robustus"}