{"minx": -118.9674562752169, "miny": 35.390625225736, "maxx": -118.32749646463328, "maxy": 35.706932896544465, "real_name": "Kern Canyon Slender Salamander", "science_name": "Batrachoseps simatus"}