{"minx": -82.97513191855408, "miny": 24.464611132372937, "maxx": -80.97833426183767, "maxy": 25.011527886020545, "real_name": "Key Deer", "science_name": "Odocoileus virginianus clavium"}