{"minx": -81.20839187580836, "miny": 24.68871080443756, "maxx": -80.1496933814049, "maxy": 25.45564052721447, "real_name": "Key Largo Woodrat", "science_name": "Neotoma floridana smalli"}