{"minx": -95.41602003517619, "miny": 34.430229483264206, "maxx": -94.28323510252409, "maxy": 34.77617849702498, "real_name": "Kiamichi Slimy Salamander", "science_name": "Plethodon kiamichi"}