{"minx": -121.03274491023069, "miny": 35.41671676307904, "maxx": -66.90176211350195, "maxy": 49.38435789073909, "real_name": "Killdeer", "science_name": "Charadrius vociferus"}