{"minx": -76.16307281332341, "miny": 36.99640507822058, "maxx": -66.90176211350195, "maxy": 45.19138221575457, "real_name": "King Eider", "science_name": "Somateria spectabilis"}