{"minx": -119.3879769239453, "miny": 36.28706569184013, "maxx": -118.52102704626593, "maxy": 37.08663847320886, "real_name": "Kings River Slender Salamander", "science_name": "Batrachoseps regius"}