{"minx": -99.389154753586, "miny": 30.44192314126327, "maxx": -72.06292238572748, "maxy": 47.27057169284578, "real_name": "King Rail", "science_name": "Rallus elegans"}