{"minx": -92.04440926066178, "miny": 37.05139307459056, "maxx": -78.9208137525351, "maxy": 42.639401029519206, "real_name": "Kirtland's Snake", "science_name": "Clonophis kirtlandii"}