{"minx": -85.63003887802343, "miny": 43.95775425902207, "maxx": -82.35054203576941, "maxy": 45.37914921283563, "real_name": "Kirtland's Warbler", "science_name": "Dendroica kirtlandii"}