{"minx": -122.57783117570418, "miny": 28.971546136987296, "maxx": -100.03137912722873, "maxy": 44.28239731404236, "real_name": "Kit Fox", "science_name": "Vulpes macrotis"}