{"minx": -122.07900248891679, "miny": 34.70250659509016, "maxx": -118.54644275631019, "maxy": 38.01292055117741, "real_name": "Kit Fox - San Joaquin Valley Population", "science_name": "Vulpes macrotis mutica"}