{"minx": -104.88659760112752, "miny": 31.011244538777763, "maxx": -101.75567441942248, "maxy": 34.11035283841418, "real_name": "Knox Jones's Pocket Gopher", "science_name": "Geomys knoxjonesi"}