{"minx": -118.82911468888206, "miny": 25.837377232568308, "maxx": -95.04662257314419, "maxy": 39.49490234098102, "real_name": "Ladder-backed Woodpecker", "science_name": "Picoides scalaris"}