{"minx": -124.82919055651313, "miny": 28.65693543278395, "maxx": -66.90176211350195, "maxy": 49.29581585442918, "real_name": "Lapland Longspur", "science_name": "Calcarius lapponicus"}