{"minx": -122.79777923656138, "miny": 44.6644784447997, "maxx": -120.24166420803236, "maxy": 47.723848794208344, "real_name": "Larch Mountain Salamander", "science_name": "Plethodon larselli"}