{"minx": -101.17932645808415, "miny": 25.837377232568322, "maxx": -97.09609769471822, "maxy": 29.90202372701132, "real_name": "Laredo Striped Whiptail", "science_name": "Aspidoscelis laredoensis"}