{"minx": -114.06818516320602, "miny": 33.560883947277766, "maxx": -96.68926114876989, "maxy": 49.00113235367329, "real_name": "Lark Bunting", "science_name": "Calamospiza melanocorys"}