{"minx": -123.67146964224109, "miny": 30.760993403158846, "maxx": -81.77215833258536, "maxy": 49.001132353673256, "real_name": "Lark Sparrow", "science_name": "Chondestes grammacus"}