{"minx": -88.0243066295241, "miny": 37.961221936337964, "maxx": -67.33092503005672, "maxy": 45.91990134877123, "real_name": "Laughing Gull", "science_name": "Leucophaeus atricilla"}