{"minx": -122.90362188157172, "miny": 32.633710349538354, "maxx": -115.33570394504498, "maxy": 40.90965517281662, "real_name": "Lawrence's Goldfinch", "science_name": "Carduelis lawrencei"}