{"minx": -124.661098724758, "miny": 32.52927581099941, "maxx": -99.04746910410068, "maxy": 49.00223345647736, "real_name": "Lazuli Bunting", "science_name": "Passerina amoena"}