{"minx": -114.73953782218847, "miny": 43.79435450257833, "maxx": -83.43554948569083, "maxy": 49.38435789073906, "real_name": "Le Conte's Sparrow", "science_name": "Ammodramus leconteii"}