{"minx": -120.8830584183199, "miny": 31.781991520568884, "maxx": -110.31715350804902, "maxy": 38.38342070225377, "real_name": "Le Conte's Thrasher", "science_name": "Toxostoma lecontei"}