{"minx": -122.41096616511598, "miny": 33.98494185057481, "maxx": -119.67860479103709, "maxy": 37.26385208004566, "real_name": "Leach's Storm-petrel", "science_name": "Oceanodroma leucorhoa"}