{"minx": -123.31579447450886, "miny": 34.4622599939264, "maxx": -66.90176211350197, "maxy": 49.38435789073909, "real_name": "Least Flycatcher", "science_name": "Empidonax minimus"}