{"minx": -124.66824152407841, "miny": 24.464611132372916, "maxx": -75.67603668309386, "maxy": 43.73840014881406, "real_name": "Least Sandpiper", "science_name": "Calidris minutilla"}