{"minx": -122.9036218815717, "miny": 24.464611132372944, "maxx": -69.86728154030688, "maxy": 48.26541647739161, "real_name": "Least Tern", "science_name": "Sternula antillarum"}