{"minx": -123.31914434494409, "miny": 28.139298183384067, "maxx": -66.90176211350195, "maxy": 49.0006913702536, "real_name": "Least Bittern", "science_name": "Ixobrychus exilis"}