{"minx": -99.7048506915449, "miny": 25.837377232568322, "maxx": -97.03801702044856, "maxy": 28.497998188170282, "real_name": "Least Grebe", "science_name": "Tachybaptus dominicus"}