{"minx": -122.30707975122074, "miny": 32.87659722951967, "maxx": -84.06109955617467, "maxy": 49.38435789073906, "real_name": "Least Chipmunk", "science_name": "Tamias minimus"}