{"minx": -115.15661252564874, "miny": 34.538554854710874, "maxx": -75.24433487434037, "maxy": 49.3843578907391, "real_name": "Least Weasel", "science_name": "Mustela nivalis"}