{"minx": -76.86636801144576, "miny": 36.518166817326644, "maxx": -66.90176211350195, "maxy": 44.990655739341186, "real_name": "Leatherback Sea Turtle", "science_name": "Dermochelys coriacea"}