{"minx": -121.38460677149614, "miny": 35.29505807928923, "maxx": -120.36283208069288, "maxy": 35.873957635884565, "real_name": "Lesser Slender Salamander", "science_name": "Batrachoseps minor"}