{"minx": -122.72001011350422, "miny": 32.80147440553751, "maxx": -101.10405725538405, "maxy": 46.1542864687309, "real_name": "Lesser Goldfinch", "science_name": "Carduelis psaltria"}