{"minx": -123.58088883198577, "miny": 24.464611132372944, "maxx": -73.98924107484297, "maxy": 40.050201988043305, "real_name": "Lesser Yellowlegs", "science_name": "Tringa flavipes"}