{"minx": -122.66220929257916, "miny": 25.837377232568308, "maxx": -96.29037205683433, "maxy": 40.75075428795362, "real_name": "Lesser Nighthawk", "science_name": "Chordeiles acutipennis"}