{"minx": -104.28970609570473, "miny": 31.987545199057948, "maxx": -98.71350119985604, "maxy": 39.31102322920798, "real_name": "Lesser Prairie-chicken", "science_name": "Tympanuchus pallidicinctus"}