{"minx": -120.24501430237028, "miny": 35.71326369405733, "maxx": -94.97177301779179, "maxy": 49.38435789073909, "real_name": "Lesser Scaup", "science_name": "Aythya affinis"}