{"minx": -98.39453707744424, "miny": 24.464611132372937, "maxx": -69.86728154030688, "maxy": 42.27993215782995, "real_name": "Lesser Black-backed Gull", "science_name": "Larus fuscus"}