{"minx": -98.89231390230395, "miny": 26.767907228992378, "maxx": -75.70955633948819, "maxy": 41.75335464688695, "real_name": "Lesser Siren", "science_name": "Siren intermedia"}