{"minx": -122.97406628844169, "miny": 36.299071531635256, "maxx": -102.74472334281843, "maxy": 49.001391192189594, "real_name": "Lewis's Woodpecker", "science_name": "Melanerpes lewis"}