{"minx": -120.34549727833662, "miny": 37.41482361566484, "maxx": -119.64590212508385, "maxy": 37.77062759168769, "real_name": "Limestone Salamander", "science_name": "Hydromantes brunus"}