{"minx": -86.5602221229721, "miny": 24.464611132372937, "maxx": -79.98143115950225, "maxy": 30.7252424230174, "real_name": "Limpkin", "science_name": "Aramus guarauna"}