{"minx": -123.66620931522733, "miny": 33.35927553348346, "maxx": -66.90176211350195, "maxy": 49.38435789073909, "real_name": "Lincoln's Sparrow", "science_name": "Melospiza lincolnii"}