{"minx": -107.2011450443035, "miny": 27.42846151776035, "maxx": -88.68999136926259, "maxy": 44.06084442994588, "real_name": "Lined Snake", "science_name": "Tropidoclonion lineatum"}