{"minx": -103.00219962814171, "miny": 24.464611132372916, "maxx": -73.89305499753944, "maxy": 40.6086766969171, "real_name": "Little Brown Skink", "science_name": "Scincella lateralis"}