{"minx": -124.82919055651313, "miny": 29.99547947032611, "maxx": -66.90176211350195, "maxy": 49.38435789073906, "real_name": "Little Brown Myotis", "science_name": "Myotis lucifugus"}