{"minx": -114.99433581895033, "miny": 28.971546136987303, "maxx": -100.61548292911745, "maxy": 37.96204443255699, "real_name": "Little Striped Whiptail", "science_name": "Aspidoscelis inornata"}