{"minx": -86.89049461885621, "miny": 24.464611132372937, "maxx": -75.40432755921594, "maxy": 37.36202735981328, "real_name": "Little Grass Frog", "science_name": "Pseudacris ocularis"}