{"minx": -100.55163896630465, "miny": 26.92068204001852, "maxx": -69.86728154030689, "maxy": 42.19419546997339, "real_name": "Little Blue Heron", "science_name": "Egretta caerulea"}