{"minx": -124.66824152407844, "miny": 24.464611132372937, "maxx": -66.90176211350195, "maxy": 47.610764015019406, "real_name": "Little Gull", "science_name": "Hydrocoloeus minutus"}