{"minx": -121.10321142250396, "miny": 32.52927581099941, "maxx": -110.07675967452701, "maxy": 43.605444586716324, "real_name": "Little Pocket Mouse", "science_name": "Perognathus longimembris"}