{"minx": -106.644640723376, "miny": 32.33049588350137, "maxx": -105.88753108501781, "maxy": 33.04381696823951, "real_name": "Little White Whiptail", "science_name": "Aspidoscelis gypsi"}