{"minx": -121.99993829390112, "miny": 33.40008511845819, "maxx": -116.10780271893896, "maxy": 40.914609772146335, "real_name": "Lodgepole Chipmunk", "science_name": "Tamias speciosus"}