{"minx": -123.50834123974465, "miny": 36.05860514837074, "maxx": -73.47298176021427, "maxy": 49.38435789073909, "real_name": "Loggerhead Shrike", "science_name": "Lanius ludovicianus"}