{"minx": -122.33499349284412, "miny": 32.62004162440618, "maxx": -66.90176211350197, "maxy": 44.990655739341186, "real_name": "Loggerhead Sea Turtle", "science_name": "Caretta caretta"}