{"minx": -90.15761691210076, "miny": 27.338702297190462, "maxx": -80.47396570779722, "maxy": 37.38105563951343, "real_name": "Loggerhead Musk Turtle", "science_name": "Sternotherus minor"}