{"minx": -84.3375320773501, "miny": 34.85219506386057, "maxx": -68.49234525803716, "maxy": 46.68649747307626, "real_name": "Long-tailed Shrew", "science_name": "Sorex dispar"}