{"minx": -121.70125796700479, "miny": 37.06365917144356, "maxx": -118.92795997730651, "maxy": 40.49311435535221, "real_name": "Long-eared Chipmunk", "science_name": "Tamias quadrimaculatus"}