{"minx": -124.82919055651315, "miny": 24.464611132372937, "maxx": -75.40432755921596, "maxy": 49.00249428082528, "real_name": "Long-billed Dowitcher", "science_name": "Limnodromus scolopaceus"}