{"minx": -124.82919055651315, "miny": 31.819850509204144, "maxx": -103.16192688992237, "maxy": 49.00249428082526, "real_name": "Long-tailed Vole", "science_name": "Microtus longicaudus"}