{"minx": -124.47443617035336, "miny": 25.837377232568308, "maxx": -69.86728154030685, "maxy": 44.861443779271276, "real_name": "Long-eared Owl", "science_name": "Asio otus"}