{"minx": -124.82919055651313, "miny": 28.971546136987303, "maxx": -102.12457063030196, "maxy": 49.00249428082526, "real_name": "Long-legged Myotis", "science_name": "Myotis volans"}