{"minx": -124.82919055651313, "miny": 31.77670475945993, "maxx": -101.48737338065642, "maxy": 49.00249428082526, "real_name": "Long-eared Myotis", "science_name": "Myotis evotis"}