{"minx": -121.29877138856718, "miny": 28.971546136987303, "maxx": -101.79924408007716, "maxy": 44.628521675551895, "real_name": "Long-nosed Leopard Lizard", "science_name": "Gambelia wislizenii"}