{"minx": -124.82919055651313, "miny": 36.41946534723837, "maxx": -111.54494776665724, "maxy": 49.00249428082528, "real_name": "Long-toed Salamander", "science_name": "Ambystoma macrodactylum"}