{"minx": -101.31413473970746, "miny": 25.837377232568308, "maxx": -96.41156064012593, "maxy": 30.018631584566535, "real_name": "Long-billed Thrasher", "science_name": "Toxostoma longirostre"}