{"minx": -120.69406075313972, "miny": 32.60394050832935, "maxx": -110.9917275397154, "maxy": 41.455709917138996, "real_name": "Long-tailed Pocket Mouse", "science_name": "Chaetodipus formosus"}