{"minx": -95.90778003794918, "miny": 33.12067579783962, "maxx": -73.61447877769317, "maxy": 42.96587451975637, "real_name": "Long-tailed Salamander", "science_name": "Eurycea longicauda"}