{"minx": -124.82919055651313, "miny": 24.68871080443752, "maxx": -66.90176211350195, "maxy": 49.00249428082526, "real_name": "Long-tailed Weasel", "science_name": "Mustela frenata"}