{"minx": -122.21570053786694, "miny": 33.560883947277745, "maxx": -98.05877323286502, "maxy": 49.001132353673256, "real_name": "Long-billed Curlew", "science_name": "Numenius americanus"}