{"minx": -124.82919055651315, "miny": 34.53656523256623, "maxx": -66.90176211350197, "maxy": 49.002425450260866, "real_name": "Long-tailed Duck", "science_name": "Clangula hyemalis"}