{"minx": -123.50175979974534, "miny": 25.837377232568322, "maxx": -96.29037205683434, "maxy": 43.873764846164164, "real_name": "Long-nosed Snake", "science_name": "Rhinocheilus lecontei"}