{"minx": -117.85675969457631, "miny": 31.453499922796407, "maxx": -110.31715350804906, "maxy": 37.60800344465111, "real_name": "Long-tailed Brush Lizard", "science_name": "Urosaurus graciosus"}