{"minx": -93.49376673463645, "miny": 31.21692415027792, "maxx": -91.53344727523766, "maxy": 34.104396307951035, "real_name": "Louisiana Slimy Salamander", "science_name": "Plethodon kisatchie"}