{"minx": -96.0054583929592, "miny": 29.984037252564967, "maxx": -91.85783544317239, "maxy": 33.128348297805985, "real_name": "Louisiana Pinesnake", "science_name": "Pituophis ruthveni"}