{"minx": -98.7963026719705, "miny": 28.10518550801891, "maxx": -69.86728154030686, "maxy": 46.540432712670864, "real_name": "Louisiana Waterthrush", "science_name": "Seiurus motacilla"}