{"minx": -92.20889241797948, "miny": 29.222833443500075, "maxx": -88.39484914178811, "maxy": 33.10412951611186, "real_name": "Louisiana Black Bear", "science_name": "Ursus americanus luteolus"}