{"minx": -113.62318882416396, "miny": 31.498182263149964, "maxx": -111.11832049262858, "maxy": 33.54615019040209, "real_name": "Lowland Burrowing Treefrog", "science_name": "Smilisca fodiens"}