{"minx": -115.55225011758728, "miny": 31.332172207742722, "maxx": -107.79940099776461, "maxy": 36.41863118037906, "real_name": "Lowland Leopard Frog", "science_name": "Lithobates yavapaiensis"}