{"minx": -111.30072279663855, "miny": 29.218904578269427, "maxx": -102.9831956287502, "maxy": 33.27202190881767, "real_name": "Lucifer Hummingbird", "science_name": "Calothorax lucifer"}