{"minx": -117.13173747058497, "miny": 30.285250275239765, "maxx": -104.5541169927171, "maxy": 39.84287114203235, "real_name": "Lucy's Warbler", "science_name": "Vermivora luciae"}