{"minx": -81.58273672630584, "miny": 31.90558424025559, "maxx": -75.40432755921594, "maxy": 37.27705866777136, "real_name": "Mabee's Salamander", "science_name": "Ambystoma mabeei"}