{"minx": -124.82919055651315, "miny": 31.44784871384083, "maxx": -103.00741421410558, "maxy": 49.00249428082524, "real_name": "Macgillivray's Warbler", "science_name": "Oporornis tolmiei"}