{"minx": -113.52256715356107, "miny": 31.332172207742722, "maxx": -105.63081155373759, "maxy": 35.50140132885255, "real_name": "Madrean Alligator Lizard", "science_name": "Elgaria kingii"}