{"minx": -95.85161076045672, "miny": 34.79676938800218, "maxx": -66.90176211350195, "maxy": 49.38435789073909, "real_name": "Magnolia Warbler", "science_name": "Dendroica magnolia"}