{"minx": -98.39453707744426, "miny": 25.837377232568308, "maxx": -88.7730500707186, "maxy": 30.589115476436366, "real_name": "Magnificent Frigatebird", "science_name": "Fregata magnificens"}