{"minx": -111.30072279663857, "miny": 31.332172207742722, "maxx": -107.73395643158733, "maxy": 33.58436656448027, "real_name": "Magnificent Hummingbird", "science_name": "Eugenes fulgens"}