{"minx": -116.32367172146557, "miny": 36.68040522182091, "maxx": -66.90176211350195, "maxy": 49.38435789073909, "real_name": "Mallard", "science_name": "Anas platyrhynchos"}