{"minx": -82.13879796146273, "miny": 25.524979414571554, "maxx": -80.82871967422953, "maxy": 26.970202286471537, "real_name": "Mangrove Fox Squirrel", "science_name": "Sciurus niger avicennia"}