{"minx": -82.97513191855408, "miny": 24.464611132372944, "maxx": -80.06853258086714, "maxy": 28.29257214422237, "real_name": "Mangrove Cuckoo", "science_name": "Coccyzus minor"}