{"minx": -76.64828414052866, "miny": 34.53656523256621, "maxx": -66.90176211350197, "maxy": 45.158194189365055, "real_name": "Manx Shearwater", "science_name": "Puffinus puffinus"}