{"minx": -83.35547836664402, "miny": 29.933484041217614, "maxx": -75.40432755921594, "maxy": 37.297862688926664, "real_name": "Many-lined Salamander", "science_name": "Stereochilus marginatus"}