{"minx": -113.25574987585335, "miny": 29.156399167517822, "maxx": -97.57774433253829, "maxy": 43.579162049114466, "real_name": "Many-lined Skink", "science_name": "Plestiodon multivirgatus"}