{"minx": -96.48150000299917, "miny": 33.570030725201725, "maxx": -90.82863300175458, "maxy": 38.2072322695456, "real_name": "Many-ribbed Salamander", "science_name": "Eurycea multiplicata"}