{"minx": -113.70005004816363, "miny": 43.081192514201454, "maxx": -94.94203439144542, "maxy": 49.001132353673256, "real_name": "Marbled Godwit", "science_name": "Limosa fedoa"}