{"minx": -97.1436567460284, "miny": 28.772218827904315, "maxx": -69.86728154030688, "maxy": 42.88074391581434, "real_name": "Marbled Salamander", "science_name": "Ambystoma opacum"}