{"minx": -124.64350363381065, "miny": 34.69857053965329, "maxx": -120.42333479556312, "maxy": 49.00249428082526, "real_name": "Marbled Murrelet", "science_name": "Brachyramphus marmoratus"}