{"minx": -98.39453707744426, "miny": 24.464611132372937, "maxx": -73.89305499753942, "maxy": 41.32620804354402, "real_name": "Marsh Oryzomys", "science_name": "Oryzomys palustris"}