{"minx": -120.73914565280636, "miny": 34.48784383024372, "maxx": -68.96384224552932, "maxy": 49.38435789073906, "real_name": "Marsh Wren", "science_name": "Cistothorus palustris"}