{"minx": -88.28438760976861, "miny": 24.464611132372944, "maxx": -75.40432755921594, "maxy": 37.9718399465978, "real_name": "Marsh Rabbit", "science_name": "Sylvilagus palustris"}