{"minx": -124.82919055651315, "miny": 38.40077651756202, "maxx": -120.77071147935789, "maxy": 49.00249428082524, "real_name": "Marsh Shrew", "science_name": "Sorex bendirii"}