{"minx": -100.00021475293734, "miny": 25.837377232568308, "maxx": -95.49111842517887, "maxy": 29.25914113970229, "real_name": "Masked Duck", "science_name": "Nomonyx dominicus"}