{"minx": -110.73028222989285, "miny": 26.06036388676459, "maxx": -75.7296829882777, "maxy": 46.429088316134944, "real_name": "Massasauga", "science_name": "Sistrurus catenatus"}