{"minx": -113.42527592749468, "miny": 38.111840424639645, "maxx": -102.29004891590762, "maxy": 49.00113235367329, "real_name": "Mccown's Longspur", "science_name": "Calcarius mccownii"}