{"minx": -110.32168129471786, "miny": 32.33444183130682, "maxx": -66.97589518352359, "maxy": 49.38435789073909, "real_name": "Meadow Jumping Mouse", "science_name": "Zapus hudsonius"}