{"minx": -120.52945648419019, "miny": 29.050276222402395, "maxx": -66.90176211350193, "maxy": 49.3843578907391, "real_name": "Meadow Vole", "science_name": "Microtus pennsylvanicus"}