{"minx": -119.50944251642491, "miny": 42.95666372623718, "maxx": -69.03041630586716, "maxy": 49.38435789073909, "real_name": "Merlin", "science_name": "Falco columbarius"}