{"minx": -123.49433534711297, "miny": 31.4382687656247, "maxx": -96.4435397603079, "maxy": 49.00126987808682, "real_name": "Merriam's Turkey", "science_name": "Meleagris gallopavo merriami"}