{"minx": -119.89997836989636, "miny": 28.134921485126476, "maxx": -99.71284693969176, "maxy": 41.5284702296387, "real_name": "Merriam's Kangaroo Rat", "science_name": "Dipodomys merriami"}