{"minx": -122.90362188157172, "miny": 33.351114878702425, "maxx": -116.0084157590116, "maxy": 38.17031989457725, "real_name": "Merriam's Chipmunk", "science_name": "Tamias merriami"}