{"minx": -122.00871198397282, "miny": 30.052370384850533, "maxx": -101.56766749753751, "maxy": 48.85450131029961, "real_name": "Merriam's Shrew", "science_name": "Sorex merriami"}