{"minx": -121.84959924158699, "miny": 41.34138817244856, "maxx": -116.15904113036588, "maxy": 44.97531360878431, "real_name": "Merriam's Ground Squirrel", "science_name": "Urocitellus canus"}