{"minx": -113.7630344365353, "miny": 31.332177073329653, "maxx": -110.02928512078083, "maxy": 33.49012167930991, "real_name": "Merriam's Deermouse", "science_name": "Peromyscus merriami"}