{"minx": -105.78248477732983, "miny": 25.837377232568322, "maxx": -95.83493021190617, "maxy": 35.87071631127008, "real_name": "Merriam's Pocket Mouse", "science_name": "Perognathus merriami"}