{"minx": -124.82919055651318, "miny": 32.529275810999415, "maxx": -116.79853239214862, "maxy": 49.00245905804304, "real_name": "Mew Gull", "science_name": "Larus canus"}