{"minx": -111.60662653479402, "miny": 31.332172207742722, "maxx": -108.90187108823653, "maxy": 32.84159403830285, "real_name": "Mexican Fox Squirrel", "science_name": "Sciurus nayaritensis"}