{"minx": -112.96440129226427, "miny": 28.971546136987314, "maxx": -102.03459144596529, "maxy": 40.88197053202872, "real_name": "Mexican Woodrat", "science_name": "Neotoma mexicana"}