{"minx": -111.10169761733677, "miny": 32.82746911872239, "maxx": -107.02401342668803, "maxy": 35.17331725753092, "real_name": "Mexican Wolf", "science_name": "Canis lupus baileyi"}