{"minx": -98.96484654140276, "miny": 25.837377232568322, "maxx": -96.41156064012591, "maxy": 29.832198038166112, "real_name": "Mexican Treefrog", "science_name": "Smilisca baudinii"}