{"minx": -99.2089180812132, "miny": 25.837377232568308, "maxx": -97.09609769471822, "maxy": 27.031375857227488, "real_name": "Mexican White-lipped Frog", "science_name": "Leptodactylus fragilis"}