{"minx": -112.34185360174493, "miny": 29.727488069922202, "maxx": -101.9760476403382, "maxy": 35.4070169634036, "real_name": "Mexican Jay", "science_name": "Aphelocoma ultramarina"}