{"minx": -111.91767494988494, "miny": 31.332172207742722, "maxx": -107.73395643158733, "maxy": 33.02795928797437, "real_name": "Mexican Long-tongued Bat", "science_name": "Choeronycteris mexicana"}