{"minx": -107.7781517177475, "miny": 28.971546136987296, "maxx": -101.68381758962798, "maxy": 34.72409078395044, "real_name": "Mexican Plateau Slider", "science_name": "Trachemys gaigeae"}