{"minx": -113.98352924330999, "miny": 31.332839376194, "maxx": -104.17892960147113, "maxy": 39.43092801806884, "real_name": "Mexican Spotted Owl", "science_name": "Strix occidentalis lucida"}