{"minx": -110.90812547098322, "miny": 25.837377232568286, "maxx": -97.08230976984538, "maxy": 33.15889860586005, "real_name": "Mexican Hog-nosed Snake", "science_name": "Heterodon kennerlyi"}