{"minx": -112.64297327307033, "miny": 31.332172207742722, "maxx": -107.78309071005025, "maxy": 35.37738573754848, "real_name": "Mexican Gartersnake", "science_name": "Thamnophis eques"}