{"minx": -124.66824152407844, "miny": 24.68871080443756, "maxx": -78.5487412475262, "maxy": 44.230326451487656, "real_name": "Mexican Free-tailed Bat", "science_name": "Tadarida brasiliensis"}