{"minx": -109.78804259553718, "miny": 31.332172207742722, "maxx": -107.73395643158732, "maxy": 32.84159403830285, "real_name": "Mexican Long-nosed Bat", "science_name": "Leptonycteris nivalis"}