{"minx": -109.97434589413638, "miny": 31.332172207742722, "maxx": -107.73395643158733, "maxy": 32.84159403830285, "real_name": "Mexican Chickadee", "science_name": "Poecile sclateri"}