{"minx": -98.85378440281465, "miny": 26.933150868598936, "maxx": -97.08230976984538, "maxy": 28.039219331422153, "real_name": "Mexican Black-headed Snake", "science_name": "Tantilla atriceps"}