{"minx": -99.39374785254661, "miny": 25.837377232568308, "maxx": -97.09609769471822, "maxy": 27.145309936644416, "real_name": "Mexican Spiny Pocket Mouse", "science_name": "Liomys irroratus"}