{"minx": -114.85847188305196, "miny": 28.971546136987296, "maxx": -96.64562999858003, "maxy": 39.78049550182287, "real_name": "Mexican Spadefoot", "science_name": "Spea multiplicata"}