{"minx": -106.86385701842701, "miny": 25.837377232568286, "maxx": -96.81774118863915, "maxy": 34.46214974559003, "real_name": "Mexican Ground Squirrel", "science_name": "Ictidomys mexicanus"}