{"minx": -111.61158468904087, "miny": 31.332172207742722, "maxx": -108.20808674030874, "maxy": 33.35162180389479, "real_name": "Mexican Turkey", "science_name": "Meleagris gallopavo mexicana"}