{"minx": -105.20996954437031, "miny": 28.280144577300145, "maxx": -79.07667532934313, "maxy": 46.5960062948275, "real_name": "Midland Smooth Softshell", "science_name": "Apalone mutica mutica"}