{"minx": -114.31386258458501, "miny": 24.464611132372937, "maxx": -68.46716278963738, "maxy": 48.36107198810984, "real_name": "Milksnake", "science_name": "Lampropeltis triangulum"}