{"minx": -90.03176999889733, "miny": 29.541648843621076, "maxx": -75.90197179703905, "maxy": 35.50119646599016, "real_name": "Mimic Glass Lizard", "science_name": "Ophisaurus mimicus"}