{"minx": -96.66584539949254, "miny": 42.50788323138439, "maxx": -66.90176211350197, "maxy": 49.38435789073906, "real_name": "Mink Frog", "science_name": "Lithobates septentrionalis"}