{"minx": -97.89688616629606, "miny": 27.598278853150475, "maxx": -87.12584297611022, "maxy": 37.83896052141916, "real_name": "Mississippi Green Watersnake", "science_name": "Nerodia cyclopion"}