{"minx": -114.30681280697777, "miny": 28.389330751901795, "maxx": -76.77577343655211, "maxy": 42.68405353126725, "real_name": "Mississippi Kite", "science_name": "Ictinia mississippiensis"}