{"minx": -91.81696425552751, "miny": 29.847969004381206, "maxx": -86.58709982767371, "maxy": 37.257860335641375, "real_name": "Mississippi Slimy Salamander", "science_name": "Plethodon mississippi"}