{"minx": -80.44662913158764, "miny": 25.54491261453091, "maxx": -80.21304433865143, "maxy": 25.70074604898031, "real_name": "Mitred Parakeet", "science_name": "Aratinga mitrata"}