{"minx": -114.24697490236491, "miny": 31.7685115546345, "maxx": -103.49574982063355, "maxy": 37.629483483185126, "real_name": "Mogollon Vole", "science_name": "Microtus mogollonensis"}