{"minx": -118.57610321832563, "miny": 34.288011976551246, "maxx": -116.3614158882429, "maxy": 36.612064875789535, "real_name": "Mohave Ground Squirrel", "science_name": "Xerospermophilus mohavensis"}