{"minx": -119.10834577165666, "miny": 28.971546136987303, "maxx": -102.32016029517501, "maxy": 39.3028520547791, "real_name": "Mohave Rattlesnake", "science_name": "Crotalus scutulatus"}