{"minx": -118.35262063644313, "miny": 32.87847572188215, "maxx": -113.40463059734952, "maxy": 36.10316064424704, "real_name": "Mohave Fringe-toed Lizard", "science_name": "Uma scoparia"}