{"minx": -95.68153000824336, "miny": 28.806896054117168, "maxx": -78.27504993837152, "maxy": 37.97613403792512, "real_name": "Mole Salamander", "science_name": "Ambystoma talpoideum"}