{"minx": -88.08552577038246, "miny": 24.464611132372937, "maxx": -79.98143115950225, "maxy": 33.77531191197456, "real_name": "Mole Skink", "science_name": "Plestiodon egregius"}