{"minx": -106.12795220297467, "miny": 24.68871080443752, "maxx": -71.64631263584995, "maxy": 42.35915146403148, "real_name": "Monk Parakeet", "science_name": "Myiopsitta monachus"}