{"minx": -123.47046146756556, "miny": 33.20562836284514, "maxx": -104.05788789356575, "maxy": 49.000598948257775, "real_name": "Montane Vole", "science_name": "Microtus montanus"}