{"minx": -122.03510942435, "miny": 36.413526593311694, "maxx": -121.4309210868723, "maxy": 37.14460753267866, "real_name": "Monterey Ornate Shrew", "science_name": "Sorex ornatus salarius"}