{"minx": -122.90362188157172, "miny": 36.52773091449168, "maxx": -121.4686088052337, "maxy": 37.87634485937029, "real_name": "Monterey Vagrant Shrew", "science_name": "Sorex vagrans paludivagus"}