{"minx": -111.65154660441586, "miny": 29.61285217710475, "maxx": -99.7155979063138, "maxy": 34.37244493713678, "real_name": "Montezuma Quail", "science_name": "Cyrtonyx montezumae"}