{"minx": -119.50944251642494, "miny": 40.39196003490757, "maxx": -66.90176211350197, "maxy": 49.38435789073909, "real_name": "Moose", "science_name": "Alces americanus"}