{"minx": -120.95422261200349, "miny": 35.11502807742203, "maxx": -120.65696669271503, "maxy": 35.41739031593648, "real_name": "Morro Bay Kangaroo Rat", "science_name": "Dipodomys heermanni morroensis"}