{"minx": -98.48326967226026, "miny": 24.464611132372916, "maxx": -79.98143115950225, "maxy": 30.98030480155736, "real_name": "Mottled Duck", "science_name": "Anas fulvigula"}