{"minx": -112.7357282579341, "miny": 29.455657179517658, "maxx": -100.77246303823448, "maxy": 49.001132353673256, "real_name": "Mountain Plover", "science_name": "Charadrius montanus"}