{"minx": -121.13752436193761, "miny": 35.84849701825246, "maxx": -117.28432179858885, "maxy": 39.86007358204489, "real_name": "Mount Lyell Salamander", "science_name": "Hydromantes platycephalus"}