{"minx": -124.14760909841756, "miny": 44.4732262467075, "maxx": -123.4447498692531, "maxy": 46.26830143928282, "real_name": "Mountain Beaver pacifica", "science_name": "Aplodontia rufa pacifica"}