{"minx": -124.2292794429949, "miny": 40.683968463198575, "maxx": -123.62952981755292, "maxy": 41.293057493723914, "real_name": "Mountain Beaver humboldtiana", "science_name": "Aplodontia rufa humboldtiana"}