{"minx": -123.04624571602913, "miny": 33.329629116154514, "maxx": -103.02755870208865, "maxy": 49.001132353673256, "real_name": "Mountain Cottontail", "science_name": "Sylvilagus nuttallii"}