{"minx": -122.98153592956427, "miny": 32.793171635017245, "maxx": -115.83525561598229, "maxy": 48.28154557844107, "real_name": "Mountain Chickadee", "science_name": "Poecile gambeli"}