{"minx": -124.30205574492386, "miny": 32.629651278849856, "maxx": -115.82622054083619, "maxy": 47.792388638067344, "real_name": "Mountain Quail", "science_name": "Oreortyx pictus"}