{"minx": -121.53481492152225, "miny": 37.94716583924836, "maxx": -99.78349671812828, "maxy": 49.001391192189594, "real_name": "Mountain Bluebird", "science_name": "Sialia currucoides"}