{"minx": -112.4139611348207, "miny": 31.332172207742722, "maxx": -108.25535746001367, "maxy": 32.58490878023499, "real_name": "Mountain Skink", "science_name": "Plestiodon callicephalus"}