{"minx": -122.40308632515216, "miny": 43.47877461166687, "maxx": -112.21840312692184, "maxy": 49.00242289506524, "real_name": "Mountain Goat", "science_name": "Oreamnos americanus"}