{"minx": -88.91265490093694, "miny": 32.01629253562928, "maxx": -77.73843223816255, "maxy": 41.581047097325055, "real_name": "Mountain Chorus Frog", "science_name": "Pseudacris brachyphona"}