{"minx": -122.8144931261108, "miny": 36.96909078740667, "maxx": -118.47640445659839, "maxy": 41.94789788540935, "real_name": "Mountain Pocket Gopher", "science_name": "Thomomys monticola"}