{"minx": -101.52944196072389, "miny": 37.432155565623376, "maxx": -67.03251487114512, "maxy": 49.3843578907391, "real_name": "Mourning Warbler", "science_name": "Oporornis philadelphia"}