{"minx": -115.73874809674585, "miny": 43.46337909152316, "maxx": -86.43150991587999, "maxy": 49.38435789073909, "real_name": "Mourning Dove", "science_name": "Zenaida macroura"}