{"minx": -110.11477304469179, "miny": 32.453459820550464, "maxx": -109.67980371569755, "maxy": 32.91413906417745, "real_name": "Mt. Graham Red Squirrel", "science_name": "Tamiasciurus hudsonicus grahamensis"}