{"minx": -119.86562287712474, "miny": 37.205722551913695, "maxx": -118.66453324381428, "maxy": 38.713171113165004, "real_name": "Mt. Lyell Shrew", "science_name": "Sorex lyelli"}