{"minx": -119.46778439507554, "miny": 34.47231716534295, "maxx": -118.69976235428966, "maxy": 35.008127153037506, "real_name": "Mt. Pinos Lodgepole Chipmunk", "science_name": "Tamias speciosus callipeplus"}