{"minx": -88.94710242949172, "miny": 28.332657179956843, "maxx": -75.03376026991539, "maxy": 40.00733435812741, "real_name": "Mud Salamander", "science_name": "Pseudotriton montanus"}