{"minx": -98.3431439343269, "miny": 30.362375969258736, "maxx": -69.25881592611503, "maxy": 49.00069137025354, "real_name": "Mudpuppy", "science_name": "Necturus maculosus"}