{"minx": -124.82919055651315, "miny": 28.971546136987303, "maxx": -96.26068489185174, "maxy": 49.00249428082528, "real_name": "Mule Deer", "science_name": "Odocoileus hemionus"}