{"minx": -99.66685422802594, "miny": 26.388654908142115, "maxx": -98.82117463177055, "maxy": 27.789812132671976, "real_name": "Muscovy Duck", "science_name": "Cairina moschata"}