{"minx": -111.33772427001037, "miny": 34.46849544321809, "maxx": -69.86728154030689, "maxy": 47.53720104859028, "real_name": "Mute Swan", "science_name": "Cygnus olor"}