{"minx": -122.51714067206075, "miny": 34.96279833117207, "maxx": -119.88323942571341, "maxy": 37.816229954342234, "real_name": "Narrow-faced Kangaroo Rat", "science_name": "Dipodomys venustus"}