{"minx": -112.58612821720324, "miny": 31.783506247062967, "maxx": -106.98306049778402, "maxy": 35.40208298509422, "real_name": "Narrow-headed Gartersnake", "science_name": "Thamnophis rufipunctatus"}