{"minx": -124.2739609211965, "miny": 36.1135157660554, "maxx": -66.90176211350195, "maxy": 49.38435789073909, "real_name": "Nashville Warbler", "science_name": "Vermivora ruficapilla"}