{"minx": -102.8182194216993, "miny": 43.09467743784668, "maxx": -66.90176211350196, "maxy": 49.3843578907391, "real_name": "Nelson's Sharp-tailed Sparrow", "science_name": "Ammodramus nelsoni"}