{"minx": -120.92228940494479, "miny": 34.92714235185071, "maxx": -119.16293635688663, "maxy": 36.99242887989303, "real_name": "Nelson's Antelope Squirrel", "science_name": "Ammospermophilus nelsoni"}