{"minx": -105.09469948124696, "miny": 28.971546136987303, "maxx": -100.81141879131044, "maxy": 32.52264190578179, "real_name": "Nelson's Pocket Mouse", "science_name": "Chaetodipus nelsoni"}