{"minx": -112.46043278035958, "miny": 26.553289661816112, "maxx": -93.36707609543853, "maxy": 34.06006756506346, "real_name": "Neotropic Cormorant", "science_name": "Phalacrocorax brasilianus"}