{"minx": -79.36764116665509, "miny": 34.73010561851735, "maxx": -76.80012057021206, "maxy": 36.58005939866625, "real_name": "Neuse River Waterdog", "science_name": "Necturus lewisi"}