{"minx": -110.51426945636271, "miny": 28.971546136987303, "maxx": -96.0012499567182, "maxy": 37.61550204683633, "real_name": "New Mexico Threadsnake", "science_name": "Leptotyphlops dissectus"}