{"minx": -74.02771210854812, "miny": 41.016338265438804, "maxx": -69.86728154030688, "maxy": 43.980316225047105, "real_name": "New England Cottontail", "science_name": "Sylvilagus transitionalis"}