{"minx": -110.13949742697885, "miny": 30.05237038485051, "maxx": -103.55042603387888, "maxy": 36.70376651448177, "real_name": "New Mexico Whiptail", "science_name": "Aspidoscelis neomexicana"}