{"minx": -76.5720158657547, "miny": 36.99640507822059, "maxx": -73.80119102062876, "maxy": 41.326573420401125, "real_name": "New Jersey Chorus Frog", "science_name": "Pseudacris kalmi"}