{"minx": -106.35444465048708, "miny": 31.963504508031964, "maxx": -104.30980450172737, "maxy": 34.18847629288071, "real_name": "New Mexico Shrew", "science_name": "Sorex neomexicanus"}