{"minx": -102.05433441372456, "miny": 24.68871080443752, "maxx": -79.12010002257614, "maxy": 39.93383066154618, "real_name": "Nine-banded Armadillo", "science_name": "Dasypus novemcinctus"}