{"minx": -122.75540062057681, "miny": 31.312088963642605, "maxx": -66.90176211350196, "maxy": 49.38435789073906, "real_name": "Northern Leopard Frog", "science_name": "Lithobates pipiens"}