{"minx": -98.98060730334522, "miny": 24.464611132372937, "maxx": -73.87942944015508, "maxy": 41.01785237414671, "real_name": "Northern Yellow Bat", "science_name": "Lasiurus intermedius"}