{"minx": -124.82919055651313, "miny": 40.956592800655216, "maxx": -120.200156335274, "maxy": 49.00249428082526, "real_name": "Northwestern Gartersnake", "science_name": "Thamnophis ordinoides"}