{"minx": -122.80520225827325, "miny": 43.79983899813929, "maxx": -67.41659476125902, "maxy": 49.00249428082526, "real_name": "Northern Bog Lemming", "science_name": "Synaptomys borealis"}