{"minx": -124.82919055651315, "miny": 37.99730806016772, "maxx": -119.79993506167744, "maxy": 49.00249428082524, "real_name": "Northwestern Salamander", "science_name": "Ambystoma gracile"}