{"minx": -124.82919055651315, "miny": 37.63241181778037, "maxx": -119.8385816947138, "maxy": 49.00223345647736, "real_name": "Northern Spotted Owl", "science_name": "Strix occidentalis caurina"}