{"minx": -105.25664962920098, "miny": 24.68871080443756, "maxx": -71.82035617950889, "maxy": 44.63478765282201, "real_name": "North American Least Shrew", "science_name": "Cryptotis parva"}