{"minx": -111.31616894575393, "miny": 31.33217220774269, "maxx": -108.92291883806692, "maxy": 32.38462048059961, "real_name": "Northern Pygmy-owl (gnoma)", "science_name": "Glaucidium gnoma gnoma"}