{"minx": -112.65565398415649, "miny": 38.37462899104437, "maxx": -66.90176211350195, "maxy": 49.38435789073909, "real_name": "Northern Harrier", "science_name": "Circus cyaneus"}