{"minx": -83.13786943685021, "miny": 36.9964050782206, "maxx": -66.90176211350197, "maxy": 47.45968562690073, "real_name": "Northern Two-lined Salamander", "science_name": "Eurycea bislineata"}