{"minx": -122.22677262549774, "miny": 36.41275596668396, "maxx": -87.71258572671658, "maxy": 49.00223345647736, "real_name": "Northern Shoveler", "science_name": "Anas clypeata"}