{"minx": -122.19207631407865, "miny": 25.837377232568308, "maxx": -93.82250432876597, "maxy": 49.001132353673256, "real_name": "Northern Grasshopper Mouse", "science_name": "Onychomys leucogaster"}