{"minx": -87.35948794580797, "miny": 24.688710804437537, "maxx": -79.77609197593817, "maxy": 33.839614602343836, "real_name": "Northern Dwarf Siren", "science_name": "Pseudobranchus striatus"}