{"minx": -122.01696135111048, "miny": 45.994313720617534, "maxx": -117.1166164883795, "maxy": 49.00115842045143, "real_name": "Northern Saw-whet Owl", "science_name": "Aegolius acadicus"}