{"minx": -124.82919055651313, "miny": 46.00947932859898, "maxx": -122.07401996655892, "maxy": 49.0024254502609, "real_name": "Northwestern Crow", "science_name": "Corvus caurinus"}