{"minx": -105.85021803188184, "miny": 25.837377232568322, "maxx": -72.10692157719244, "maxy": 45.77372532409351, "real_name": "Northern Cricket Frog", "science_name": "Acris crepitans"}