{"minx": -112.34185360174494, "miny": 31.453499922796425, "maxx": -108.90187108823656, "maxy": 33.584366564480305, "real_name": "Northern Beardless-tyrannulet", "science_name": "Camptostoma imberbe"}