{"minx": -122.93556734367714, "miny": 37.75703778362367, "maxx": -106.92446130536365, "maxy": 49.00141272067123, "real_name": "North American Water Vole", "science_name": "Microtus richardsoni"}