{"minx": -111.06914322323568, "miny": 28.971546136987303, "maxx": -102.25614043721149, "maxy": 41.28899816632281, "real_name": "Northern Rock Deermouse", "science_name": "Peromyscus nasutus"}