{"minx": -83.14366153899418, "miny": 35.52173216569504, "maxx": -80.9582345594638, "maxy": 37.324811879872954, "real_name": "Northern Gray-cheeked Salamander", "science_name": "Plethodon montanus"}