{"minx": -89.68005747189318, "miny": 33.078085975201084, "maxx": -66.90176211350197, "maxy": 47.45968562690073, "real_name": "Northern Dusky Salamander", "science_name": "Desmognathus fuscus"}