{"minx": -124.66824152407841, "miny": 35.416818525379824, "maxx": -112.73021225518347, "maxy": 49.00249428082528, "real_name": "Northern Alligator Lizard", "science_name": "Elgaria coerulea"}