{"minx": -90.81645059949446, "miny": 44.598220323622215, "maxx": -82.40913642072782, "maxy": 48.304150773954234, "real_name": "Northern Flicker", "science_name": "Colaptes auratus"}