{"minx": -124.66824152407838, "miny": 34.244632587770376, "maxx": -105.92066633466534, "maxy": 49.00249428082524, "real_name": "Northern Rubber Boa", "science_name": "Charina bottae"}