{"minx": -124.82919055651313, "miny": 31.913205187043722, "maxx": -66.90176211350195, "maxy": 49.38435789073909, "real_name": "Northern Shrike", "science_name": "Lanius excubitor"}