{"minx": -124.66824152407844, "miny": 24.464611132372916, "maxx": -68.38981505343419, "maxy": 49.00059894825776, "real_name": "North American Racer", "science_name": "Coluber constrictor"}