{"minx": -124.82919055651313, "miny": 33.844740119429225, "maxx": -66.90176211350195, "maxy": 49.38435789073911, "real_name": "Northern Flying Squirrel", "science_name": "Glaucomys sabrinus"}