{"minx": -124.82919055651313, "miny": 43.335237710279024, "maxx": -122.39381285744753, "maxy": 48.872237994361534, "real_name": "Northern Elephant Seal", "science_name": "Mirounga angustirostris"}