{"minx": -123.11293645125858, "miny": 25.08341036231627, "maxx": -69.86728154030686, "maxy": 47.49781480646639, "real_name": "Northern Bobwhite", "science_name": "Colinus virginianus"}