{"minx": -120.45834582317774, "miny": 32.63007150317668, "maxx": -103.78263767481745, "maxy": 48.28154557844107, "real_name": "Northern Pygmy-owl (californicum)", "science_name": "Glaucidium gnoma californicum"}