{"minx": -100.88660694781083, "miny": 42.67148803481311, "maxx": -97.10123370585879, "maxy": 46.433482986018035, "real_name": "Northern Myotis", "science_name": "Myotis septentrionalis"}