{"minx": -99.70794883142786, "miny": 25.672974821560388, "maxx": -66.90176211350197, "maxy": 49.38435789073909, "real_name": "Northern Parula", "science_name": "Parula americana"}