{"minx": -124.82919055651313, "miny": 26.56082581183169, "maxx": -66.90176211350195, "maxy": 49.38435789073909, "real_name": "Northern Rough-winged Swallow", "science_name": "Stelgidopteryx serripennis"}