{"minx": -124.82919055651313, "miny": 26.998346347368308, "maxx": -66.90176211350195, "maxy": 49.38435789073909, "real_name": "North American Deermouse", "science_name": "Peromyscus maniculatus"}