{"minx": -90.43622989178634, "miny": 31.960921429406266, "maxx": -71.13581731878219, "maxy": 44.161213326541564, "real_name": "Northern Slimy Salamander", "science_name": "Plethodon glutinosus"}