{"minx": -124.82919055651313, "miny": 45.566375353977385, "maxx": -119.58289458462902, "maxy": 49.00249428082526, "real_name": "Northwestern Deermouse", "science_name": "Peromyscus keeni"}