{"minx": -124.66824152407844, "miny": 30.05237038485051, "maxx": -69.86728154030685, "maxy": 49.00249428082528, "real_name": "Northern Goshawk", "science_name": "Accipiter gentilis"}