{"minx": -122.57632355514541, "miny": 37.10567612260069, "maxx": -66.90176211350197, "maxy": 49.38435789073909, "real_name": "Northern Waterthrush", "science_name": "Seiurus noveboracensis"}