{"minx": -122.79777923656135, "miny": 34.78470876488491, "maxx": -96.73396196670502, "maxy": 49.00139119218955, "real_name": "Northern Pocket Gopher", "science_name": "Thomomys talpoides"}