{"minx": -120.25250341187765, "miny": 32.52927581099941, "maxx": -115.71395906353487, "maxy": 35.505157344043596, "real_name": "Northern Baja Deermouse", "science_name": "Peromyscus fraterculus"}