{"minx": -96.21238846448915, "miny": 32.41508024710123, "maxx": -72.70117308413973, "maxy": 46.49381750775794, "real_name": "Northern Map Turtle", "science_name": "Graptemys geographica"}