{"minx": -124.82919055651313, "miny": 39.16316521950802, "maxx": -120.63681645907256, "maxy": 49.00249428082526, "real_name": "Northern Red-legged Frog", "science_name": "Rana aurora"}