{"minx": -105.89244494608614, "miny": 29.997210623355667, "maxx": -66.90176211350195, "maxy": 47.53720104859037, "real_name": "Northern Watersnake", "science_name": "Nerodia sipedon"}