{"minx": -115.55225011758725, "miny": 24.464611132372944, "maxx": -66.90176211350195, "maxy": 47.47381258816565, "real_name": "Northern Cardinal", "science_name": "Cardinalis cardinalis"}