{"minx": -124.82919055651315, "miny": 27.51082055531428, "maxx": -66.90176211350193, "maxy": 49.38435789073906, "real_name": "North American Porcupine", "science_name": "Erethizon dorsata"}