{"minx": -85.65789114626048, "miny": 37.967224675012915, "maxx": -79.68953695878778, "maxy": 41.58351391060592, "real_name": "Northern Ravine Salamander", "science_name": "Plethodon electromorphus"}