{"minx": -89.71332898413891, "miny": 35.15959895537092, "maxx": -83.88513540597451, "maxy": 40.02625245859862, "real_name": "Northern Zigzag Salamander", "science_name": "Plethodon dorsalis"}