{"minx": -111.09991054589783, "miny": 41.896368386775855, "maxx": -110.84800060199214, "maxy": 42.02914885661881, "real_name": "Northern Pintail", "science_name": "Anas acuta"}