{"minx": -123.16439450314186, "miny": 33.96909900481977, "maxx": -120.1930346304718, "maxy": 38.19847282214458, "real_name": "Northern Fur Seal", "science_name": "Callorhinus ursinus"}