{"minx": -111.05525650914778, "miny": 31.332172207742722, "maxx": -106.98306049778402, "maxy": 33.14262594531368, "real_name": "Northern Pygmy Mouse", "science_name": "Baiomys taylori"}