{"minx": -124.82919055651315, "miny": 38.417865012553555, "maxx": -120.75040699352289, "maxy": 49.00249428082526, "real_name": "Northern Pacific Treefrog", "science_name": "Pseudacris regilla"}