{"minx": -106.12123048735971, "miny": 32.64648064888518, "maxx": -66.90176211350197, "maxy": 49.38435789073909, "real_name": "Northern Short-tailed Shrew", "science_name": "Blarina brevicauda"}