{"minx": -79.39570261845887, "miny": 34.993784164023296, "maxx": -70.455872228624, "maxy": 42.1778235523225, "real_name": "Northern Red-bellied Cooter", "science_name": "Pseudemys rubriventris"}