{"minx": -116.83444048902835, "miny": 44.260171483377114, "maxx": -115.9563516007655, "maxy": 45.147492244927186, "real_name": "Northern Idaho Ground Squirrel", "science_name": "Urocitellus brunneus brunneus"}