{"minx": -123.82420323636268, "miny": 32.52927581099941, "maxx": -116.1646680971354, "maxy": 41.348617168040434, "real_name": "Nuttall's Woodpecker", "science_name": "Picoides nuttallii"}