{"minx": -91.37621873597827, "miny": 24.68871080443752, "maxx": -75.40432755921596, "maxy": 37.277058667771364, "real_name": "Oak Toad", "science_name": "Anaxyrus quercicus"}