{"minx": -119.42277444710606, "miny": 35.0178151169461, "maxx": -118.7572177929903, "maxy": 35.62016927311483, "real_name": "Oak Titmouse", "science_name": "Baeolophus inornatus"}