{"minx": -98.39453707744426, "miny": 25.837377232568286, "maxx": -97.09609769471822, "maxy": 27.043127995264836, "real_name": "Ocelot", "science_name": "Leopardus pardalis"}