{"minx": -84.44293354606806, "miny": 31.502520228295555, "maxx": -81.0029277497104, "maxy": 33.8651275864467, "real_name": "Ocmulgee Slimy Salamander", "science_name": "Plethodon ocmulgee"}