{"minx": -86.86940989436663, "miny": 33.72065345862925, "maxx": -81.71210405178405, "maxy": 36.07590825624903, "real_name": "Ocoee Salamander", "science_name": "Desmognathus ocoee"}