{"minx": -95.33329002830622, "miny": 35.42905543552727, "maxx": -93.4651355541822, "maxy": 36.999136531402016, "real_name": "Oklahoma Salamander", "science_name": "Eurycea tynerensis"}