{"minx": -88.28438760976863, "miny": 25.083410362316304, "maxx": -79.72559109721337, "maxy": 35.37827281049817, "real_name": "Oldfield Deermouse", "science_name": "Peromyscus polionotus"}