{"minx": -122.33499349284415, "miny": 32.52927581099941, "maxx": -116.8711886245884, "maxy": 37.14460753267866, "real_name": "Olive Ridley Sea Turtle", "science_name": "Lepidochelys olivacea"}