{"minx": -111.58382831566865, "miny": 36.99932747164433, "maxx": -97.31493530801077, "maxy": 49.001132353673256, "real_name": "Olive-backed Pocket Mouse", "science_name": "Perognathus fasciatus"}