{"minx": -113.18383514878069, "miny": 31.332172207742722, "maxx": -106.98306049778401, "maxy": 34.94542023434594, "real_name": "Olive Warbler", "science_name": "Peucedramus taeniatus"}