{"minx": -99.8179412544784, "miny": 25.837377232568286, "maxx": -97.09609769471824, "maxy": 27.90077031378092, "real_name": "Olive Sparrow", "science_name": "Arremonops rufivirgatus"}