{"minx": -124.82919055651313, "miny": 32.49225119976343, "maxx": -66.90176211350195, "maxy": 49.38435789073909, "real_name": "Olive-sided Flycatcher", "science_name": "Contopus cooperi"}