{"minx": -124.82919055651315, "miny": 46.66193611048512, "maxx": -122.54031819893547, "maxy": 48.4963340376137, "real_name": "Olympic Torrent Salamander", "science_name": "Rhyacotriton olympicus"}