{"minx": -124.82919055651315, "miny": 46.02041255458739, "maxx": -120.63681645907255, "maxy": 49.00249428082524, "real_name": "Olympic Mountain Beaver", "science_name": "Aplodontia rufa olympica"}