{"minx": -124.3497453623056, "miny": 47.20980577170102, "maxx": -122.82465653035332, "maxy": 48.26439835097486, "real_name": "Olympic Marmot", "science_name": "Marmota olympus"}