{"minx": -88.55996127960526, "miny": 28.338861732914612, "maxx": -82.19715856779547, "maxy": 31.32032587685177, "real_name": "One-toed Amphiuma", "science_name": "Amphiuma pholeter"}