{"minx": -124.82919055651315, "miny": 31.447848713840855, "maxx": -92.48088203073556, "maxy": 49.38435789073909, "real_name": "Orange-crowned Warbler", "science_name": "Vermivora celata"}