{"minx": -118.10600777567986, "miny": 32.52927581099941, "maxx": -116.08978994479439, "maxy": 34.28778988419329, "real_name": "Orange-throated Whiptail", "science_name": "Aspidoscelis hyperythra"}