{"minx": -106.45274747480276, "miny": 26.060363886764573, "maxx": -69.86728154030688, "maxy": 49.000401297153935, "real_name": "Orchard Oriole", "science_name": "Icterus spurius"}