{"minx": -121.82241787144106, "miny": 26.036338117461938, "maxx": -96.67745263364837, "maxy": 49.001132353673256, "real_name": "Ord's Kangaroo Rat", "science_name": "Dipodomys ordii"}