{"minx": -123.44355508886845, "miny": 41.971786920018125, "maxx": -120.85238821525546, "maxy": 49.00249428082526, "real_name": "Oregon Spotted Frog", "science_name": "Rana pretiosa"}