{"minx": -124.66824152407841, "miny": 41.69815256287784, "maxx": -121.9831937472677, "maxy": 48.8722379943615, "real_name": "Oregon Vesper Sparrow", "science_name": "Pooecetes gramineus affinis"}