{"minx": -123.16382807540448, "miny": 43.51492152513402, "maxx": -121.04456401507471, "maxy": 45.847928114892085, "real_name": "Oregon Slender Salamander", "science_name": "Batrachoseps wrightorum"}