{"minx": -116.2582343814297, "miny": 25.837377232568322, "maxx": -96.88192001285097, "maxy": 42.05941252431119, "real_name": "Ornate Tree Lizard", "science_name": "Urosaurus ornatus"}