{"minx": -90.45499011793133, "miny": 28.10518550801891, "maxx": -76.12428977126673, "maxy": 36.15337749657336, "real_name": "Ornate Chorus Frog", "science_name": "Pseudacris ornata"}