{"minx": -112.4139611348207, "miny": 25.837377232568286, "maxx": -85.97910490787997, "maxy": 44.2771120535516, "real_name": "Ornate Box Turtle", "science_name": "Terrapene ornata"}