{"minx": -123.58686065328303, "miny": 32.529275810999415, "maxx": -115.9344213272062, "maxy": 39.58534648180561, "real_name": "Ornate Shrew", "science_name": "Sorex ornatus"}