{"minx": -124.82919055651313, "miny": 30.092624067146698, "maxx": -66.97589518352359, "maxy": 49.00249428082528, "real_name": "Osprey", "science_name": "Pandion haliaetus"}