{"minx": -99.17725946154457, "miny": 29.25022906090653, "maxx": -80.52563297090816, "maxy": 46.5804062800874, "real_name": "Ouachita Map Turtle", "science_name": "Graptemys ouachitensis"}