{"minx": -95.79757002633798, "miny": 33.52818754345812, "maxx": -92.0819965529161, "maxy": 35.29948618154478, "real_name": "Ouachita Dusky Salamander", "science_name": "Desmognathus brimleyorum"}