{"minx": -113.63408696724485, "miny": 32.41508024710123, "maxx": -66.90176211350197, "maxy": 49.38435789073909, "real_name": "Ovenbird", "science_name": "Seiurus aurocapilla"}