{"minx": -92.70080002503805, "miny": 36.149900663611156, "maxx": -90.46934211978281, "maxy": 37.578138950567194, "real_name": "Ozark Hellbender", "science_name": "Cryptobranchus alleganiensis bishopi"}