{"minx": -95.28199996963701, "miny": 34.96560521403193, "maxx": -92.34910525500293, "maxy": 36.61827380004813, "real_name": "Ozark Big-eared Bat", "science_name": "Corynorhinus townsendii ingens"}