{"minx": -95.26034862338456, "miny": 35.285188826751344, "maxx": -91.5350698588401, "maxy": 37.33810801529639, "real_name": "Ozark Zigzag Salamander", "science_name": "Plethodon angusticlavius"}