{"minx": -124.82919055651313, "miny": 32.52927581099941, "maxx": -116.04742124985344, "maxy": 49.00249428082526, "real_name": "Pacific-slope Flycatcher", "science_name": "Empidonax difficilis"}