{"minx": -123.17888727983998, "miny": 32.564766801086016, "maxx": -116.84895416080454, "maxy": 38.588660724633776, "real_name": "Pacific Golden-plover", "science_name": "Pluvialis fulva"}