{"minx": -123.44293288494178, "miny": 41.07171836983048, "maxx": -121.57210803767202, "maxy": 44.83641902570697, "real_name": "Pacific Shrew (cascadensis)", "science_name": "Sorex pacificus cascadensis"}