{"minx": -124.5000552554977, "miny": 42.92932424516753, "maxx": -122.7822483404092, "maxy": 45.64834355933517, "real_name": "Pacific Shrew (pacificus)", "science_name": "Sorex pacificus pacificus"}