{"minx": -124.50005525549767, "miny": 41.071718369830464, "maxx": -121.57210803767205, "maxy": 45.648343559335146, "real_name": "Pacific Shrew", "science_name": "Sorex pacificus"}