{"minx": -118.19429632355632, "miny": 32.93947580983342, "maxx": -117.22437875751191, "maxy": 34.01788190911444, "real_name": "Pacific Pocket Mouse", "science_name": "Perognathus longimembris pacificus"}