{"minx": -124.82919055651313, "miny": 37.63241181778035, "maxx": -120.16881967343178, "maxy": 49.00249428082526, "real_name": "Pacific Jumping Mouse", "science_name": "Zapus trinotatus"}