{"minx": -124.82919055651313, "miny": 32.529275810999415, "maxx": -116.84895416080451, "maxy": 49.00245905804304, "real_name": "Pacific Loon", "science_name": "Gavia pacifica"}