{"minx": -115.43515328677982, "miny": 37.18238477835964, "maxx": -114.9717662524402, "maxy": 37.673847539726744, "real_name": "Pahranagat Valley Vole", "science_name": "Microtus montanus fucosus"}