{"minx": -114.5904357342207, "miny": 33.3618501637284, "maxx": -109.14097063938529, "maxy": 36.97273670251376, "real_name": "Pai Striped Whiptail", "science_name": "Aspidoscelis pai"}