{"minx": -113.92789215592806, "miny": 28.971546136987296, "maxx": -102.49386820161084, "maxy": 36.20611722970446, "real_name": "Painted Redstart", "science_name": "Myioborus pictus"}