{"minx": -123.69144212180852, "miny": 30.14900577276596, "maxx": -66.90176211350195, "maxy": 49.38435789073909, "real_name": "Painted Turtle", "science_name": "Chrysemys picta"}