{"minx": -107.77631831577108, "miny": 26.224367887689684, "maxx": -75.42348263590786, "maxy": 39.20340366520687, "real_name": "Painted Bunting", "science_name": "Passerina ciris"}