{"minx": -119.36806503012157, "miny": 36.32489709622465, "maxx": -115.08281011647526, "maxy": 41.17660067959522, "real_name": "Pale Kangaroo Mouse", "science_name": "Microdipodops pallidus"}