{"minx": -109.22355469624941, "miny": 31.548691717008904, "maxx": -98.08850980052486, "maxy": 41.35035257080923, "real_name": "Pale Lumped-nosed Bat", "science_name": "Corynorhinus townsendii pallescens"}