{"minx": -124.66824152407844, "miny": 25.837377232568308, "maxx": -96.904808409465, "maxy": 49.00079050534282, "real_name": "Pallid Bat", "science_name": "Antrozous pallidus"}