{"minx": -96.3677528439311, "miny": 43.952019600235204, "maxx": -66.90176211350195, "maxy": 49.38435789073909, "real_name": "Palm Warbler", "science_name": "Dendroica palmarum"}