{"minx": -116.14868384193477, "miny": 35.75368744743889, "maxx": -115.24830233146973, "maxy": 36.83101203123465, "real_name": "Palmer's Chipmunk", "science_name": "Tamias palmeri"}