{"minx": -102.02671526826597, "miny": 34.178149284159915, "maxx": -100.80951736757763, "maxy": 35.173360307125236, "real_name": "Palo Duro Deermouse", "science_name": "Peromyscus truei comanche"}