{"minx": -119.65145652800098, "miny": 34.70427207076393, "maxx": -114.74621616301596, "maxy": 39.08132339813533, "real_name": "Panamint Chipmunk", "science_name": "Tamias panamintinus"}