{"minx": -121.2549410481548, "miny": 33.85157584706036, "maxx": -114.74204782784685, "maxy": 40.83319669798215, "real_name": "Panamint Kangaroo Rat", "science_name": "Dipodomys panamintinus"}