{"minx": -118.58226907573722, "miny": 35.75026770908113, "maxx": -116.05143780420805, "maxy": 37.98006035823704, "real_name": "Panamint Alligator Lizard", "science_name": "Elgaria panamintina"}