{"minx": -122.01087574543956, "miny": 25.837377232568322, "maxx": -88.94948915958454, "maxy": 36.540390888566925, "real_name": "Parasitic Jaeger", "science_name": "Stercorarius parasiticus"}