{"minx": -90.68027972813333, "miny": 30.0757616262953, "maxx": -88.27483964078682, "maxy": 33.5141114650562, "real_name": "Pascagoula Map Turtle", "science_name": "Graptemys gibbonsi"}