{"minx": -79.81515705748264, "miny": 37.30859073798126, "maxx": -79.31124023579201, "maxy": 37.66007657010699, "real_name": "Peaks Of Otter Salamander", "science_name": "Plethodon hubrichti"}