{"minx": -120.27671353939493, "miny": 32.529275810999415, "maxx": -116.84895416080451, "maxy": 34.569328240887316, "real_name": "Pelagic Cormorant", "science_name": "Phalacrocorax pelagicus"}