{"minx": -105.99802756114622, "miny": 32.87659722951969, "maxx": -105.21744570980005, "maxy": 33.49857549901555, "real_name": "Penasco Chipmunk", "science_name": "Tamias minimus atristriatus"}