{"minx": -116.7451233445293, "miny": 32.603940508329366, "maxx": -115.7139590635349, "maxy": 34.01364368582839, "real_name": "Peninsular Leaf-toed Gecko", "science_name": "Phyllodactylus nocticolus"}