{"minx": -83.46187701185816, "miny": 24.68871080443756, "maxx": -79.98143115950225, "maxy": 30.632040656561053, "real_name": "Peninsula Cooter", "science_name": "Pseudemys peninsularis"}