{"minx": -87.56454730531904, "miny": 30.227977590992108, "maxx": -87.2234367562095, "maxy": 30.435393936145914, "real_name": "Perdido Key Beach Deermouse", "science_name": "Peromyscus polionotus trissyllepsis"}