{"minx": -122.18029702114586, "miny": 33.52657336967542, "maxx": -67.6845432510728, "maxy": 49.00223345647736, "real_name": "Peregrine Falcon", "science_name": "Falco peregrinus"}