{"minx": -111.63556360317578, "miny": 25.837377232568286, "maxx": -97.09609769471822, "maxy": 31.939845547597375, "real_name": "Peters's Ghost-faced Bat", "science_name": "Mormoops megalophylla"}