{"minx": -114.81659175159808, "miny": 31.332177073329653, "maxx": -110.02928512078083, "maxy": 34.73947160630576, "real_name": "Phainopepla", "science_name": "Phainopepla nitens"}