{"minx": -102.4605167197878, "miny": 43.472307170454314, "maxx": -66.90176211350195, "maxy": 49.38435789073909, "real_name": "Philadelphia Vireo", "science_name": "Vireo philadelphicus"}