{"minx": -97.56012209586176, "miny": 28.389330751901795, "maxx": -66.90176211350195, "maxy": 48.304150773954234, "real_name": "Pickerel Frog", "science_name": "Lithobates palustris"}