{"minx": -122.23014199064599, "miny": 35.45073509362505, "maxx": -66.90176211350195, "maxy": 49.38435789073909, "real_name": "Pied-billed Grebe", "science_name": "Podilymbus podiceps"}