{"minx": -95.31855954963606, "miny": 24.68871080443756, "maxx": -78.9530817041346, "maxy": 33.975956499982104, "real_name": "Pig Frog", "science_name": "Lithobates grylio"}