{"minx": -85.48233520882616, "miny": 34.49497800478619, "maxx": -85.27788710876659, "maxy": 34.78203577148817, "real_name": "Pigeon Mountain Salamander", "science_name": "Plethodon petraeus"}