{"minx": -86.96762392943715, "miny": 30.58722227590127, "maxx": -76.63578349557008, "maxy": 35.88263628420366, "real_name": "Pine Barrens Treefrog", "science_name": "Hyla andersonii"}