{"minx": -90.76263472566048, "miny": 25.6129720007282, "maxx": -75.40432755921594, "maxy": 36.31505765602781, "real_name": "Pine Woods Littersnake", "science_name": "Rhadinaea flavilata"}