{"minx": -113.20012185643262, "miny": 37.465674933077004, "maxx": -66.90176211350195, "maxy": 49.30417576147344, "real_name": "Pine Grosbeak", "science_name": "Pinicola enucleator"}