{"minx": -97.22255679669644, "miny": 34.84752953040835, "maxx": -66.97589518352359, "maxy": 49.38435789073909, "real_name": "Pine Warbler", "science_name": "Dendroica pinus"}