{"minx": -90.48363741423965, "miny": 25.498840086928585, "maxx": -73.91161540617908, "maxy": 41.40673370380887, "real_name": "Pinesnake", "science_name": "Pituophis melanoleucus"}