{"minx": -91.81696425552748, "miny": 24.688710804437537, "maxx": -75.51776399207431, "maxy": 38.089844759107315, "real_name": "Pine Woods Treefrog", "science_name": "Hyla femoralis"}