{"minx": -122.33244579911108, "miny": 25.837377232568308, "maxx": -69.86728154030685, "maxy": 49.001132353673256, "real_name": "Pine Siskin", "science_name": "Carduelis pinus"}