{"minx": -124.56053860435941, "miny": 31.332172207742722, "maxx": -98.09647736150528, "maxy": 46.7875038867728, "real_name": "Pinon Deermouse", "science_name": "Peromyscus truei"}