{"minx": -122.19207631407868, "miny": 31.89437175960045, "maxx": -101.46920995355285, "maxy": 46.84856711699694, "real_name": "Pinyon Jay", "science_name": "Gymnorhinus cyanocephalus"}