{"minx": -113.21002926303537, "miny": 35.080479741905314, "maxx": -69.40134653109493, "maxy": 49.38435789073906, "real_name": "Piping Plover", "science_name": "Charadrius melodus"}