{"minx": -120.66067058322892, "miny": 36.32489709622468, "maxx": -111.57501626592628, "maxy": 44.28662541454107, "real_name": "Piute Ground Squirrel", "science_name": "Urocitellus mollis"}