{"minx": -110.3370002676956, "miny": 30.77983526903641, "maxx": -85.72139403486118, "maxy": 43.861462059613324, "real_name": "Plains Leopard Frog", "science_name": "Lithobates blairi"}