{"minx": -113.51684912224995, "miny": 30.7424690500312, "maxx": -88.86574640580032, "maxy": 49.001132353673256, "real_name": "Plains Hog-nosed Snake", "science_name": "Heterodon nasicus"}