{"minx": -99.2089180812132, "miny": 25.837377232568322, "maxx": -97.09609769471822, "maxy": 27.117606985126947, "real_name": "Plain Chachalaca", "science_name": "Ortalis vetula"}