{"minx": -110.78149946220093, "miny": 25.837377232568308, "maxx": -96.35129373872742, "maxy": 42.93592997865633, "real_name": "Plains Black-headed Snake", "science_name": "Tantilla nigriceps"}