{"minx": -113.65974026255527, "miny": 35.20361250605038, "maxx": -82.69598172707171, "maxy": 49.001132353673256, "real_name": "Plains Gartersnake", "science_name": "Thamnophis radix"}