{"minx": -114.1356268395281, "miny": 25.837377232568322, "maxx": -90.03464020184514, "maxy": 49.00113235367329, "real_name": "Plains Spadefoot", "science_name": "Spea bombifrons"}