{"minx": -114.80146566510142, "miny": 40.43001178782929, "maxx": -96.47124909145913, "maxy": 49.00139119218953, "real_name": "Plains Sharp-tailed Grouse", "science_name": "Tympanuchus phasianellus jamesi"}