{"minx": -106.44783402416105, "miny": 31.481548647800153, "maxx": -86.54201518130486, "maxy": 49.000686185188535, "real_name": "Plains Pocket Gopher", "science_name": "Geomys bursarius"}