{"minx": -113.01207376196118, "miny": 28.971546136987296, "maxx": -93.75675482048946, "maxy": 46.63623832786253, "real_name": "Plains Harvest Mouse", "science_name": "Reithrodontomys montanus"}