{"minx": -112.03523152284697, "miny": 31.21131134585616, "maxx": -90.97714422164921, "maxy": 47.918629312006175, "real_name": "Plains Pocket Mouse", "science_name": "Perognathus flavescens"}