{"minx": -104.98144039008714, "miny": 25.837377232568308, "maxx": -74.9777611858071, "maxy": 42.875655404908166, "real_name": "Plain-bellied Watersnake", "science_name": "Nerodia erythrogaster"}