{"minx": -114.30681280697776, "miny": 32.414289273180906, "maxx": -103.17852889069086, "maxy": 40.13798550506327, "real_name": "Plateau Striped Whiptail", "science_name": "Aspidoscelis velox"}