{"minx": -105.62723694383274, "miny": 28.97154613698727, "maxx": -102.16423812527046, "maxy": 31.207603783010068, "real_name": "Plateau Spotted Whiptail", "science_name": "Aspidoscelis scalaris"}