{"minx": -114.522858400182, "miny": 32.87988412988639, "maxx": -101.84718302032546, "maxy": 42.45559364876381, "real_name": "Plateau Fence Lizard", "science_name": "Sceloporus tristichus"}