{"minx": -119.94423852454095, "miny": 29.1732856533292, "maxx": -102.58657617046744, "maxy": 47.53142371341073, "real_name": "Plumbeous Vireo", "science_name": "Vireo plumbeus"}