{"minx": -120.07634691692864, "miny": 28.971546136987314, "maxx": -102.32016029517501, "maxy": 35.46174447474711, "real_name": "Pocketed Free-tailed Bat", "science_name": "Nyctinomops femorosaccus"}