{"minx": -123.16439450314186, "miny": 37.63241181778037, "maxx": -122.61777053559001, "maxy": 38.26264183263307, "real_name": "Point Reyes Mountain Beaver", "science_name": "Aplodontia rufa phaea"}