{"minx": -123.80051440747432, "miny": 38.742494261270664, "maxx": -123.47409921389455, "maxy": 39.09698785755752, "real_name": "Point Arena Mountain Beaver", "science_name": "Aplodontia rufa nigra"}