{"minx": -105.90353505943834, "miny": 25.837377232568286, "maxx": -75.40432755921591, "maxy": 42.13493062218348, "real_name": "Pond Slider", "science_name": "Trachemys scripta"}