{"minx": -97.06908999463815, "miny": 29.541648843621076, "maxx": -69.54696463645871, "maxy": 44.62387917492967, "real_name": "Prairie Warbler", "science_name": "Dendroica discolor"}