{"minx": -113.26770334924552, "miny": 39.2940947506883, "maxx": -90.07809021288536, "maxy": 49.001132353673256, "real_name": "Prairie Shrew", "science_name": "Sorex haydeni"}