{"minx": -101.50303558372887, "miny": 35.79100907276149, "maxx": -99.94348005227795, "maxy": 36.541429563022405, "real_name": "Prairie Vole", "science_name": "Microtus ochrogaster"}