{"minx": -124.47443617035333, "miny": 26.689494128644945, "maxx": -94.60367992270801, "maxy": 49.00139119218955, "real_name": "Prairie Falcon", "science_name": "Falco mexicanus"}