{"minx": -96.63927663307346, "miny": 43.575458028124736, "maxx": -83.43554948569084, "maxy": 49.38435789073909, "real_name": "Prairie Sharp-tailed Grouse", "science_name": "Tympanuchus phasianellus campestris"}