{"minx": -115.58678432073886, "miny": 28.971546136987303, "maxx": -95.8906188059087, "maxy": 49.00113235367329, "real_name": "Prairie Rattlesnake", "science_name": "Crotalus viridis"}