{"minx": -100.77118551534846, "miny": 27.946132358556383, "maxx": -90.29787053334533, "maxy": 48.89243586044901, "real_name": "Prairie Skink", "science_name": "Plestiodon septentrionalis"}