{"minx": -121.29753665568253, "miny": 35.11277237390674, "maxx": -104.04861227457525, "maxy": 48.99890856419391, "real_name": "Preble's Shrew", "science_name": "Sorex preblei"}