{"minx": -104.52851839029155, "miny": 29.49407513296987, "maxx": -104.1241382176408, "maxy": 29.88610582676265, "real_name": "Presidio Mole", "science_name": "Scalopus aquaticus texanus"}