{"minx": -122.59405872377636, "miny": 29.26682129674892, "maxx": -98.28714647636276, "maxy": 49.001132353673256, "real_name": "Pronghorn", "science_name": "Antilocapra americana"}