{"minx": -98.88852245391098, "miny": 24.9690782673592, "maxx": -72.15807723094503, "maxy": 45.364023258530274, "real_name": "Prothonotary Warbler", "science_name": "Protonotaria citrea"}