{"minx": -99.09976216006748, "miny": 26.06036388676459, "maxx": -79.02989577930917, "maxy": 35.655145296926875, "real_name": "Purple Gallinule", "science_name": "Porphyrio martinica"}