{"minx": -124.66824152407841, "miny": 25.083410362316304, "maxx": -67.06701761321638, "maxy": 49.38435789073911, "real_name": "Purple Martin", "science_name": "Progne subis"}