{"minx": -78.93075717886514, "miny": 33.61043301066877, "maxx": -66.90176211350197, "maxy": 45.6890132542584, "real_name": "Purple Sandpiper", "science_name": "Calidris maritima"}