{"minx": -102.59427478564278, "miny": 45.93254972381702, "maxx": -67.78043668227201, "maxy": 49.38435789073911, "real_name": "Purple Finch", "science_name": "Carpodacus purpureus"}