{"minx": -124.02750358952183, "miny": 30.05237038485051, "maxx": -100.14314605081796, "maxy": 49.00139119218955, "real_name": "Pygmy Nuthatch", "science_name": "Sitta pygmaea"}