{"minx": -84.33874165626924, "miny": 34.87704345030086, "maxx": -81.21906181227978, "maxy": 36.893547236151335, "real_name": "Pygmy Salamander", "science_name": "Desmognathus wrighti"}