{"minx": -123.10590945662749, "miny": 40.854354451145916, "maxx": -111.24477044203917, "maxy": 48.689665864261634, "real_name": "Pygmy Short-horned Lizard", "science_name": "Phrynosoma douglasii"}