{"minx": -120.28412157703178, "miny": 46.21918738289224, "maxx": -118.47185915569686, "maxy": 48.011221136356276, "real_name": "Pygmy Rabbit (Columbia Basin Population)", "science_name": "Brachylagus idahoensis pop. 2"}