{"minx": -97.98569992194969, "miny": 24.464611132372916, "maxx": -75.40432755921593, "maxy": 38.0584184176419, "real_name": "Pygmy Rattlesnake", "science_name": "Sistrurus miliarius"}