{"minx": -121.348793972208, "miny": 36.32489709622465, "maxx": -106.4018552050709, "maxy": 45.94848365810096, "real_name": "Pygmy Rabbit", "science_name": "Brachylagus idahoensis"}