{"minx": -112.69075057665768, "miny": 25.837377232568286, "maxx": -95.50464662358208, "maxy": 35.419970004512265, "real_name": "Pyrrhuloxia", "science_name": "Cardinalis sinuatus"}