{"minx": -94.36024351764308, "miny": 29.541648843621058, "maxx": -74.77511559346678, "maxy": 46.45558484284539, "real_name": "Queensnake", "science_name": "Regina septemvittata"}