{"minx": -96.2731736705399, "miny": 25.524979414571554, "maxx": -75.40432755921594, "maxy": 40.321820691471515, "real_name": "Rafinesque's Big-eared Bat", "science_name": "Corynorhinus rafinesquii"}