{"minx": -91.8169642555275, "miny": 26.560979605120128, "maxx": -75.40432755921594, "maxy": 39.33035721341393, "real_name": "Rainbow Snake", "science_name": "Farancia erytrogramma"}