{"minx": -80.67382737194464, "miny": 25.498840086928563, "maxx": -79.99523943070861, "maxy": 26.530031398770934, "real_name": "Rainbow Whiptail", "science_name": "Cnemidophorus lemniscatus"}