{"minx": -98.61167323344849, "miny": 29.49807842370338, "maxx": -87.94948959236055, "maxy": 35.71644070623151, "real_name": "Razor-backed Musk Turtle", "science_name": "Sternotherus carinatus"}