{"minx": -81.66204812608417, "miny": 30.99230071147288, "maxx": -66.90176211350197, "maxy": 45.158194189365034, "real_name": "Razorbill", "science_name": "Alca torda"}