{"minx": -110.94072864430618, "miny": 32.73040082688043, "maxx": -82.11648988788994, "maxy": 49.38435789073906, "real_name": "Red-headed Woodpecker", "science_name": "Melanerpes erythrocephalus"}