{"minx": -119.10834577165666, "miny": 26.201247290357863, "maxx": -95.8402627295276, "maxy": 39.87450778782291, "real_name": "Red-spotted Toad", "science_name": "Anaxyrus punctatus"}