{"minx": -122.3297927527089, "miny": 35.839178213393915, "maxx": -117.9986997677534, "maxy": 45.640658975319106, "real_name": "Red-breasted Sapsucker", "science_name": "Sphyrapicus ruber"}