{"minx": -118.12266818091524, "miny": 44.85345345628502, "maxx": -112.02765126670667, "maxy": 49.00139119218953, "real_name": "Red-tailed Chipmunk", "science_name": "Tamias ruficaudus"}