{"minx": -124.47443617035336, "miny": 37.096930362642375, "maxx": -121.81441010617148, "maxy": 40.77506994066348, "real_name": "Red-bellied Newt", "science_name": "Taricha rivularis"}