{"minx": -124.82919055651318, "miny": 25.083410362316272, "maxx": -66.90176211350195, "maxy": 49.38435789073906, "real_name": "Red-eyed Vireo", "science_name": "Vireo olivaceus"}