{"minx": -96.21241029011897, "miny": 38.30148704046874, "maxx": -66.90176211350195, "maxy": 48.30415077395425, "real_name": "Red-shouldered Hawk", "science_name": "Buteo lineatus"}