{"minx": -124.82919055651313, "miny": 30.405333093360976, "maxx": -66.90176211350195, "maxy": 49.00242545026088, "real_name": "Red-throated Loon", "science_name": "Gavia stellata"}