{"minx": -96.362776250102, "miny": 40.534701608116215, "maxx": -96.11978189702644, "maxy": 40.63815123654359, "real_name": "Red-crowned Parrot", "science_name": "Amazona viridigenalis"}