{"minx": -84.05054115554697, "miny": 35.38159455672641, "maxx": -82.88378993113425, "maxy": 35.90729514533322, "real_name": "Red-cheeked Salamander", "science_name": "Plethodon jordani"}