{"minx": -113.92789215592806, "miny": 31.332172207742722, "maxx": -106.72318028276574, "maxy": 36.38717059592644, "real_name": "Red-faced Warbler", "science_name": "Cardellina rubrifrons"}