{"minx": -98.07448818718288, "miny": 24.464611132372937, "maxx": -75.40432755921591, "maxy": 38.865321305490625, "real_name": "Red-bellied Mudsnake", "science_name": "Farancia abacura"}