{"minx": -124.47443617035333, "miny": 28.154807676502728, "maxx": -73.91161540617908, "maxy": 49.00069137025354, "real_name": "Red-breasted Nuthatch", "science_name": "Sitta canadensis"}