{"minx": -84.4882964708348, "miny": 34.877043450300874, "maxx": -83.28097018058263, "maxy": 35.597274748188724, "real_name": "Red-legged Salamander", "science_name": "Plethodon shermani"}