{"minx": -115.15661252564874, "miny": 31.746529417112107, "maxx": -67.1620621667812, "maxy": 49.38435789073909, "real_name": "Red-winged Blackbird", "science_name": "Agelaius phoeniceus"}