{"minx": -95.93080082267898, "miny": 25.672974821560405, "maxx": -75.40432755921597, "maxy": 37.124671520605645, "real_name": "Red-cockaded Woodpecker", "science_name": "Picoides borealis"}