{"minx": -97.7745591768246, "miny": 43.66216479011395, "maxx": -66.90176211350195, "maxy": 49.38435789073909, "real_name": "Red-breasted Merganser", "science_name": "Mergus serrator"}