{"minx": -121.51137868897743, "miny": 34.58859737894269, "maxx": -102.58657617046745, "maxy": 49.00141272067121, "real_name": "Red-naped Sapsucker", "science_name": "Sphyrapicus nuchalis"}