{"minx": -80.51066996171916, "miny": 25.30888949710892, "maxx": -80.09870439354096, "maxy": 25.77958745808512, "real_name": "Red-bellied Squirrel", "science_name": "Sciurus aureogaster"}