{"minx": -123.26880198724783, "miny": 43.75307007768714, "maxx": -86.43150991587999, "maxy": 49.38435789073909, "real_name": "Red-necked Grebe", "science_name": "Podiceps grisegena"}