{"minx": -113.70672096871287, "miny": 31.40597628227589, "maxx": -111.11832049262854, "maxy": 33.46373409085065, "real_name": "Red-backed Whiptail", "science_name": "Aspidoscelis xanthonota"}