{"minx": -105.09840844563246, "miny": 28.535352479218503, "maxx": -66.90176211350195, "maxy": 49.38435789073909, "real_name": "Red-bellied Snake", "science_name": "Storeria occipitomaculata"}