{"minx": -123.26880198724783, "miny": 41.43868081741207, "maxx": -66.90176211350195, "maxy": 49.38435789073906, "real_name": "Red-tailed Hawk", "science_name": "Buteo jamaicensis"}