{"minx": -99.19091245538702, "miny": 24.464611132372916, "maxx": -71.1877023385596, "maxy": 46.44015073161864, "real_name": "Red-bellied Woodpecker", "science_name": "Melanerpes carolinus"}