{"minx": -118.02439552269138, "miny": 32.52927581099941, "maxx": -115.7139590635349, "maxy": 34.245348294125286, "real_name": "Red Diamond Rattlesnake", "science_name": "Crotalus ruber"}