{"minx": -120.29267062297033, "miny": 32.68913606481172, "maxx": -117.82082492659133, "maxy": 34.24981410947673, "real_name": "Red Phalarope", "science_name": "Phalaropus fulicarius"}