{"minx": -122.42303886629361, "miny": 30.032280603036277, "maxx": -69.51905020633748, "maxy": 49.00113235367329, "real_name": "Red Crossbill", "science_name": "Loxia curvirostra"}