{"minx": -91.41031963993858, "miny": 29.541648843621076, "maxx": -73.72560372883734, "maxy": 42.76861076612168, "real_name": "Red Salamander", "science_name": "Pseudotriton ruber"}