{"minx": -124.66824152407844, "miny": 41.524560750606085, "maxx": -121.50860609698006, "maxy": 45.95771429149942, "real_name": "Red Tree Vole", "science_name": "Arborimus longicaudus"}