{"minx": -87.58329000702966, "miny": 31.366348622385967, "maxx": -86.32497000193351, "maxy": 31.980671959079924, "real_name": "Red Hills Salamander", "science_name": "Phaeognathus hubrichti"}