{"minx": -121.51137868897746, "miny": 32.32920482216022, "maxx": -66.90176211350195, "maxy": 49.38435789073909, "real_name": "Red Squirrel", "science_name": "Tamiasciurus hudsonicus"}