{"minx": -124.59685620803619, "miny": 25.612972000728213, "maxx": -66.90176211350197, "maxy": 49.38435789073909, "real_name": "Red Fox", "science_name": "Vulpes vulpes"}