{"minx": -92.20889241797947, "miny": 24.688710804437537, "maxx": -73.98924107484298, "maxy": 40.12476258990434, "real_name": "Red Cornsnake", "science_name": "Pantherophis guttatus"}