{"minx": -77.19156509124903, "miny": 35.12792983793031, "maxx": -75.51776399207432, "maxy": 36.18063892623193, "real_name": "Red Wolf", "science_name": "Canis lupus rufus"}