{"minx": -124.41098768357283, "miny": 24.464611132372937, "maxx": -69.86728154030688, "maxy": 42.25795185777291, "real_name": "Red Knot", "science_name": "Calidris canutus"}