{"minx": -93.90475005867384, "miny": 29.25022906090655, "maxx": -91.52538361997131, "maxy": 30.321386759567048, "real_name": "Reddish Egret", "science_name": "Egretta rufescens"}