{"minx": -122.88344096843379, "miny": 35.57995002543419, "maxx": -73.64429336674706, "maxy": 49.001391192189594, "real_name": "Redhead", "science_name": "Aythya americana"}