{"minx": -82.97513191855408, "miny": 24.464611132372944, "maxx": -80.02735585645138, "maxy": 26.294522650257633, "real_name": "Reef Gecko", "science_name": "Sphaerodactylus notatus"}