{"minx": -115.33594518874752, "miny": 31.332172207742722, "maxx": -108.16232541999852, "maxy": 35.451854987251885, "real_name": "Regal Horned Lizard", "science_name": "Phrynosoma solare"}