{"minx": -98.48326967226025, "miny": 25.837377232568322, "maxx": -97.09609769471822, "maxy": 26.71285093548823, "real_name": "Regal Black-striped Snake", "science_name": "Coniophanes imperialis"}