{"minx": -114.99433581895033, "miny": 34.274396534140216, "maxx": -113.40518750172079, "maxy": 36.62481085967381, "real_name": "Relict Leopard Frog", "science_name": "Lithobates onca"}