{"minx": -118.82911468888211, "miny": 35.36601254470897, "maxx": -118.52819245533509, "maxy": 35.65198305932511, "real_name": "Relictual Slender Salamander", "science_name": "Batrachoseps relictus"}