{"minx": -87.48092952700813, "miny": 29.541648843621108, "maxx": -83.93174806614884, "maxy": 31.853515093378245, "real_name": "Reticulated Flatwoods Salamander", "science_name": "Ambystoma bishopi"}