{"minx": -100.60379290088882, "miny": 26.036338117461916, "maxx": -97.32961683034188, "maxy": 29.52488371730837, "real_name": "Reticulate Collared Lizard", "science_name": "Crotaphytus reticulatus"}