{"minx": -104.49694098253072, "miny": 28.971546136987314, "maxx": -102.66722147584233, "maxy": 29.91738138291448, "real_name": "Reticular Banded Gecko", "science_name": "Coleonyx reticulatus"}