{"minx": -113.88007142163205, "miny": 43.26213639587293, "maxx": -94.62931199404512, "maxy": 49.001132353673256, "real_name": "Richardson's Ground Squirrel", "science_name": "Urocitellus richardsonii"}