{"minx": -95.25304993939005, "miny": 34.430229483264206, "maxx": -94.13214674538514, "maxy": 34.92697153342072, "real_name": "Rich Mountain Salamander", "science_name": "Plethodon ouachitae"}