{"minx": -111.30072279663857, "miny": 31.332172207742722, "maxx": -107.73395643158733, "maxy": 32.84159403830283, "real_name": "Ridge-nosed Rattlesnake", "science_name": "Crotalus willardi"}