{"minx": -82.97513191855408, "miny": 24.464611132372916, "maxx": -80.06853258086711, "maxy": 26.42816689690159, "real_name": "Rim Rock Crowned Snake", "science_name": "Tantilla oolitica"}