{"minx": -95.8221499803688, "miny": 33.57003072520173, "maxx": -89.79577163462258, "maxy": 39.72561430277294, "real_name": "Ringed Salamander", "science_name": "Ambystoma annulatum"}