{"minx": -124.66824152407844, "miny": 26.036338117461916, "maxx": -91.24940843193353, "maxy": 44.50841389918924, "real_name": "Ringtail", "science_name": "Bassariscus astutus"}