{"minx": -99.6880416106246, "miny": 42.50788323138435, "maxx": -66.90176211350195, "maxy": 49.38435789073909, "real_name": "Ring-necked Duck", "science_name": "Aythya collaris"}