{"minx": -124.66824152407844, "miny": 24.464611132372937, "maxx": -66.90176211350195, "maxy": 48.30415077395425, "real_name": "Ring-necked Snake", "science_name": "Diadophis punctatus"}