{"minx": -90.52482235753105, "miny": 29.98853357629044, "maxx": -88.77729794984383, "maxy": 33.45259797443233, "real_name": "Ringed Map Turtle", "science_name": "Graptemys oculifera"}