{"minx": -124.14690868043824, "miny": 27.75166213311919, "maxx": -66.97589518352362, "maxy": 49.00249428082526, "real_name": "Ring-necked Pheasant", "science_name": "Phasianus colchicus"}