{"minx": -124.1247608959834, "miny": 39.484826190316866, "maxx": -67.78895993952273, "maxy": 49.38435789073909, "real_name": "Ring-billed Gull", "science_name": "Larus delawarensis"}