{"minx": -116.44320370528905, "miny": 32.315473214266916, "maxx": -112.93152865022124, "maxy": 34.553082765833125, "real_name": "Rio Grande Leopard Frog", "science_name": "Lithobates berlandieri"}