{"minx": -105.08185028088187, "miny": 25.837377232568308, "maxx": -97.09609769471824, "maxy": 33.97175133205531, "real_name": "Rio Grande Cooter", "science_name": "Pseudemys gorzugi"}