{"minx": -98.96484654140278, "miny": 27.22572129964308, "maxx": -93.7234588992001, "maxy": 32.91652016778724, "real_name": "Rio Grande Chirping Frog", "science_name": "Eleutherodactylus cystignathoides"}