{"minx": -89.71068128500573, "miny": 27.52038393131715, "maxx": -78.0777333085628, "maxy": 35.046748347778994, "real_name": "River Frog", "science_name": "Lithobates heckscheri"}