{"minx": -96.85888000434595, "miny": 27.485358608238208, "maxx": -75.40432755921594, "maxy": 39.334818255819734, "real_name": "River Cooter", "science_name": "Pseudemys concinna"}