{"minx": -105.09469948124696, "miny": 28.971546136987314, "maxx": -102.9862928779056, "maxy": 32.273327424766514, "real_name": "Robust Cottontail", "science_name": "Sylvilagus robustus"}