{"minx": -115.33853029055985, "miny": 29.519417384795, "maxx": -102.94159370057254, "maxy": 37.609479193576156, "real_name": "Rock Pocket Mouse", "science_name": "Chaetodipus intermedius"}