{"minx": -124.82919055651313, "miny": 37.062505653278414, "maxx": -122.07401996655892, "maxy": 49.00242545026088, "real_name": "Rock Sandpiper", "science_name": "Calidris ptilocnemis"}