{"minx": -118.11528609830735, "miny": 43.39558629461317, "maxx": -112.22466741044317, "maxy": 49.001391192189594, "real_name": "Rocky Mountain Tailed Frog", "science_name": "Ascaphus montanus"}