{"minx": -111.30072279663857, "miny": 28.234092106603292, "maxx": -98.56090713451437, "maxy": 34.50911248077029, "real_name": "Rock Rattlesnake", "science_name": "Crotalus lepidus"}