{"minx": -117.9122033225041, "miny": 28.96807386048117, "maxx": -96.8474631520238, "maxy": 42.855771542311324, "real_name": "Rock Squirrel", "science_name": "Otospermophilus variegatus"}