{"minx": -83.81417967747868, "miny": 34.90267206977965, "maxx": -67.78066771135803, "maxy": 47.45968562690075, "real_name": "Rock Vole", "science_name": "Microtus chrotorrhinus"}