{"minx": -124.66824152407844, "miny": 35.73596369526024, "maxx": -98.3124099214345, "maxy": 49.00141272067123, "real_name": "Rock Wren", "science_name": "Salpinctes obsoletus"}