{"minx": -124.66824152407844, "miny": 24.464611132372937, "maxx": -75.86415158632407, "maxy": 49.00249428082528, "real_name": "Roof Rat", "science_name": "Rattus rattus"}