{"minx": -124.82919055651315, "miny": 47.19018419011199, "maxx": -122.82465653035335, "maxy": 48.4963340376137, "real_name": "Roosevelt Elk", "science_name": "Cervus elaphus roosevelti"}