{"minx": -82.97513191855408, "miny": 24.464611132372916, "maxx": -66.90176211350197, "maxy": 44.859941418076986, "real_name": "Roseate Tern", "science_name": "Sterna dougallii"}