{"minx": -81.06738856698617, "miny": 26.7098705385939, "maxx": -80.09501761968336, "maxy": 29.02091212616702, "real_name": "Roseate Spoonbill", "science_name": "Platalea ajaja"}