{"minx": -109.27761055114698, "miny": 34.45197315914793, "maxx": -66.90176211350197, "maxy": 49.38435789073909, "real_name": "Rose-breasted Grosbeak", "science_name": "Pheucticus ludovicianus"}