{"minx": -111.30072279663857, "miny": 31.332177073329678, "maxx": -109.25564821650359, "maxy": 32.68999108839246, "real_name": "Rose-throated Becard", "science_name": "Pachyramphus aglaiae"}