{"minx": -100.56218467682008, "miny": 25.837377232568322, "maxx": -96.41156064012593, "maxy": 30.266944985073213, "real_name": "Rose-bellied Lizard", "science_name": "Sceloporus variabilis"}