{"minx": -123.69637521442438, "miny": 25.837377232568322, "maxx": -92.32346360913458, "maxy": 41.41788168554965, "real_name": "Ross's Goose", "science_name": "Chen rossii"}