{"minx": -119.30950839731878, "miny": 31.453499922796407, "maxx": -111.04276945735783, "maxy": 36.68553213144766, "real_name": "Rosy Boa", "science_name": "Lichanura trivirgata"}