{"minx": -124.82919055651313, "miny": 36.83148059645095, "maxx": -120.36550914180103, "maxy": 49.00249428082526, "real_name": "Rough-skinned Newt", "science_name": "Taricha granulosa"}