{"minx": -102.47269689944368, "miny": 24.464611132372944, "maxx": -73.97620718613187, "maxy": 40.417334778709076, "real_name": "Rough Greensnake", "science_name": "Opheodrys aestivus"}