{"minx": -124.43596154084551, "miny": 28.34919855391492, "maxx": -66.90176211350197, "maxy": 49.38435789073906, "real_name": "Rough-legged Hawk", "science_name": "Buteo lagopus"}