{"minx": -104.70399818752874, "miny": 29.278937420908374, "maxx": -103.56746376897448, "maxy": 30.598269424300383, "real_name": "Rough-footed Mud Turtle", "science_name": "Kinosternon hirtipes"}