{"minx": -100.43179739055405, "miny": 26.574345462068006, "maxx": -75.40432755921596, "maxy": 38.97602164724997, "real_name": "Rough Earthsnake", "science_name": "Virginia striatula"}