{"minx": -87.35948794580797, "miny": 24.68871080443752, "maxx": -79.98143115950225, "maxy": 31.415022886859116, "real_name": "Round-tailed Muskrat", "science_name": "Neofiber alleni"}