{"minx": -110.1253794640661, "miny": 26.553289661816144, "maxx": -98.32153006835273, "maxy": 38.76947473615381, "real_name": "Round-tailed Horned Lizard", "science_name": "Phrynosoma modestum"}