{"minx": -117.50424865742322, "miny": 31.332177073329678, "maxx": -109.10868181211514, "maxy": 36.76356395652381, "real_name": "Round-tailed Ground Squirrel", "science_name": "Xerospermophilus tereticaudus"}