{"minx": -77.14525305894244, "miny": 35.127929837930324, "maxx": -70.15175130028314, "maxy": 42.1778235523225, "real_name": "Royal Tern", "science_name": "Thalasseus maximus"}