{"minx": -123.36431429348332, "miny": 35.60541804679459, "maxx": -66.90176211350195, "maxy": 49.38435789073909, "real_name": "Ruby-crowned Kinglet", "science_name": "Regulus calendula"}