{"minx": -100.98084023355702, "miny": 25.672974821560388, "maxx": -66.90176211350196, "maxy": 49.38435789073909, "real_name": "Ruby-throated Hummingbird", "science_name": "Archilochus colubris"}