{"minx": -124.66824152407844, "miny": 24.464611132372944, "maxx": -69.86728154030689, "maxy": 46.29235499647952, "real_name": "Ruddy Turnstone", "science_name": "Arenaria interpres"}