{"minx": -121.66387080024758, "miny": 32.817879866560304, "maxx": -94.56413537560567, "maxy": 49.00141272067123, "real_name": "Ruddy Duck", "science_name": "Oxyura jamaicensis"}