{"minx": -124.82919055651315, "miny": 33.89423773377366, "maxx": -66.90176211350195, "maxy": 49.38435789073909, "real_name": "Ruffed Grouse", "science_name": "Bonasa umbellus"}