{"minx": -124.02750358952186, "miny": 29.19776559757509, "maxx": -93.34935865155647, "maxy": 41.19578754850653, "real_name": "Rufous-crowned Sparrow", "science_name": "Aimophila ruficeps"}