{"minx": -124.82919055651313, "miny": 40.676896338936, "maxx": -106.44946094718303, "maxy": 49.00249428082526, "real_name": "Rufous Hummingbird", "science_name": "Selasphorus rufus"}