{"minx": -112.69075057665765, "miny": 31.332177073329653, "maxx": -109.86170087806137, "maxy": 33.26469763011759, "real_name": "Rufous-winged Sparrow", "science_name": "Aimophila carpalis"}