{"minx": -95.15349144285275, "miny": 42.28779458523063, "maxx": -67.0325148711451, "maxy": 49.38435789073909, "real_name": "Rusty Blackbird", "science_name": "Euphagus carolinus"}