{"minx": -106.37806812682601, "miny": 32.227379071017396, "maxx": -104.88407732851995, "maxy": 33.94926608278645, "real_name": "Sacramento Mountains Salamander", "science_name": "Aneides hardii"}