{"minx": -114.04972720074902, "miny": 31.332177073329678, "maxx": -110.02928512078083, "maxy": 34.80191359583442, "real_name": "Saddled Leaf-nosed Snake", "science_name": "Phyllorhynchus browni"}