{"minx": -121.87682289984267, "miny": 36.694848728529635, "maxx": -101.37020941601435, "maxy": 49.001132353673256, "real_name": "Sagebrush Vole", "science_name": "Lemmiscus curtatus"}