{"minx": -122.91526338413954, "miny": 34.559223124197345, "maxx": -102.00743859412664, "maxy": 49.0011323536733, "real_name": "Sage Thrasher", "science_name": "Oreoscoptes montanus"}