{"minx": -123.33651987855706, "miny": 35.25092898260452, "maxx": -103.83869013333378, "maxy": 48.322995950554876, "real_name": "Sage Sparrow", "science_name": "Amphispiza belli"}