{"minx": -97.67969557011847, "miny": 30.78867194445054, "maxx": -97.2711257544483, "maxy": 31.096777608090292, "real_name": "Salado Salamander", "science_name": "Eurycea chisholmensis"}