{"minx": -122.75676208784239, "miny": 37.154376800042655, "maxx": -121.51797575919574, "maxy": 38.356978407933994, "real_name": "Salt-marsh Harvest Mouse", "science_name": "Reithrodontomys raviventris"}