{"minx": -97.7529458311514, "miny": 24.464611132372937, "maxx": -79.98143115950225, "maxy": 31.764519240207406, "real_name": "Saltmarsh Watersnake", "science_name": "Nerodia clarkii"}