{"minx": -122.01087574543956, "miny": 31.45349992279641, "maxx": -110.59052168486733, "maxy": 37.53136276365609, "real_name": "Saltbush Sparrow", "science_name": "Amphispiza belli canescens"}