{"minx": -119.1648413434061, "miny": 33.13936669602899, "maxx": -117.60559647651958, "maxy": 34.25702030990182, "real_name": "Salt Marsh Ornate Shrew", "science_name": "Sorex ornatus salicornicus"}