{"minx": -77.30265598099528, "miny": 36.894529760598985, "maxx": -69.38785366878898, "maxy": 44.13887039828878, "real_name": "Saltmarsh Sharp-tailed Sparrow", "science_name": "Ammodramus caudacutus"}