{"minx": -122.51258792278956, "miny": 37.41076836806519, "maxx": -121.89978797626527, "maxy": 38.06672165248424, "real_name": "Saltmarsh Wandering Shrew", "science_name": "Sorex vagrans halicoetes"}