{"minx": -121.38460677149614, "miny": 28.280144577300145, "maxx": -85.03253612310175, "maxy": 35.975905244890036, "real_name": "Sambar", "science_name": "Rusa unicolor"}