{"minx": -118.40862957030583, "miny": 34.15742437800417, "maxx": -117.48379656774271, "maxy": 34.515575147025245, "real_name": "San Bernardino Golden-mantled Ground Squirrel", "science_name": "Callospermophilus lateralis bernardinus"}