{"minx": -122.63620875500104, "miny": 34.45652354173375, "maxx": -117.35932562596832, "maxy": 39.60650039038677, "real_name": "San Joaquin Pocket Mouse", "science_name": "Perognathus inornatus"}