{"minx": -98.15310849181392, "miny": 29.675915370795327, "maxx": -97.77624799973407, "maxy": 30.02756311927116, "real_name": "San Marcos Salamander", "science_name": "Eurycea nana"}