{"minx": -121.647634814713, "miny": 35.41537647677356, "maxx": -120.70555083734429, "maxy": 36.071640985031294, "real_name": "San Simeon Slender Salamander", "science_name": "Batrachoseps incognitus"}