{"minx": -117.95063068283618, "miny": 33.81348843665284, "maxx": -116.63640762972985, "maxy": 34.38581818545059, "real_name": "San Gabriel Mountains Slender Salamander", "science_name": "Batrachoseps gabrieli"}