{"minx": -121.48206053894792, "miny": 37.46889721829518, "maxx": -120.82038592598859, "maxy": 37.77911875945525, "real_name": "San Joaquin Valley Wood Rat", "science_name": "Neotoma fuscipes riparia"}