{"minx": -121.02625539553571, "miny": 34.70250659509019, "maxx": -118.50977158454988, "maxy": 37.008998589290044, "real_name": "San Joaquin Kangaroo Rat", "science_name": "Dipodomys nitratoides"}