{"minx": -117.63008347361198, "miny": 33.844740119429225, "maxx": -116.39729023626904, "maxy": 34.531443544556524, "real_name": "San Bernardino Flying Squirrel", "science_name": "Glaucomys sabrinus californicus"}