{"minx": -119.85446665749038, "miny": 33.02829402347469, "maxx": -119.02659976846729, "maxy": 33.64470148974331, "real_name": "San Nicolas Island Fox", "science_name": "Urocyon littoralis dickeyi"}