{"minx": -119.05366940091312, "miny": 32.68913606481174, "maxx": -117.8208249265913, "maxy": 33.245395730993565, "real_name": "San Clemente Sage Sparrow", "science_name": "Amphispiza belli clementeae"}