{"minx": -82.90314649153596, "miny": 26.619707970352078, "maxx": -75.15065131788428, "maxy": 38.25379993282847, "real_name": "Sandwich Tern", "science_name": "Thalasseus sandvicensis"}