{"minx": -123.26880198724783, "miny": 38.48796673553409, "maxx": -82.11648988788998, "maxy": 49.38435789073906, "real_name": "Sandhill Crane", "science_name": "Grus canadensis"}