{"minx": -116.23439262745482, "miny": 33.081572742065944, "maxx": -115.87752950169967, "maxy": 33.43062429131686, "real_name": "Sandstone Night Lizard", "science_name": "Xantusia gracilis"}