{"minx": -87.33716867002833, "miny": 30.26934399512885, "maxx": -86.55451561682179, "maxy": 30.45566387370345, "real_name": "Santa Rosa Beach Deermouse", "science_name": "Peromyscus polionotus leucocephalus"}