{"minx": -120.2926706229703, "miny": 33.573640588687084, "maxx": -119.8288619733562, "maxy": 34.24981410947673, "real_name": "Santa Rosa Island Fox", "science_name": "Urocyon littoralis santarosae"}