{"minx": -122.03510942435, "miny": 35.68118970397615, "maxx": -120.877584354012, "maxy": 36.82221940946945, "real_name": "Santa Lucia Mountains Slender Salamander", "science_name": "Batrachoseps luciae"}