{"minx": -120.05242257389155, "miny": 33.58599960702931, "maxx": -119.16026179150455, "maxy": 34.24563615545896, "real_name": "Santa Cruz Island Fox", "science_name": "Urocyon littoralis santacruzae"}