{"minx": -118.8218273648489, "miny": 33.03701472216428, "maxx": -117.90197617464922, "maxy": 33.72291955781983, "real_name": "Santa Catalina Island Fox", "science_name": "Urocyon littoralis catalinae"}