{"minx": -84.22356915894828, "miny": 35.10595606005088, "maxx": -82.53221389726562, "maxy": 35.907295145333194, "real_name": "Santeetlah Dusky Salamander", "science_name": "Desmognathus santeetlah"}