{"minx": -82.5429786229464, "miny": 32.91797136082312, "maxx": -81.61739916324608, "maxy": 33.67324985400186, "real_name": "Savannah Slimy Salamander", "science_name": "Plethodon savannah"}