{"minx": -124.82919055651313, "miny": 34.316040600198065, "maxx": -66.90176211350195, "maxy": 49.38435789073909, "real_name": "Savannah Sparrow", "science_name": "Passerculus sandwichensis"}