{"minx": -108.97095901189401, "miny": 31.332684180000765, "maxx": -106.88793319478381, "maxy": 34.729957144464095, "real_name": "Saxicoline Deermouse", "science_name": "Peromyscus gratus"}