{"minx": -122.269017592748, "miny": 32.47756231024693, "maxx": -97.06401772982615, "maxy": 49.00139119218955, "real_name": "Say's Phoebe", "science_name": "Sayornis saya"}