{"minx": -112.40301710132054, "miny": 26.036338117461916, "maxx": -97.32961683034186, "maxy": 39.49490234098102, "real_name": "Scaled Quail", "science_name": "Callipepla squamata"}