{"minx": -100.32525243391134, "miny": 32.30108046887214, "maxx": -66.90176211350197, "maxy": 49.38435789073909, "real_name": "Scarlet Tanager", "science_name": "Piranga olivacea"}