{"minx": -99.20385837098911, "miny": 24.464611132372916, "maxx": -73.9116154061791, "maxy": 40.49103224002978, "real_name": "Scarletsnake", "science_name": "Cemophora coccinea"}