{"minx": -101.73155169505364, "miny": 25.837377232568308, "maxx": -96.22368558972663, "maxy": 30.088641168071565, "real_name": "Schott's Whipsnake", "science_name": "Coluber schotti"}