{"minx": -106.04490512491923, "miny": 25.837377232568322, "maxx": -90.86079192818677, "maxy": 40.72639807407614, "real_name": "Scissor-tailed Flycatcher", "science_name": "Tyrannus forficatus"}