{"minx": -123.4089729193541, "miny": 41.53154391953802, "maxx": -122.76689512312514, "maxy": 42.00967472709017, "real_name": "Scott Bar Salamander", "science_name": "Plethodon asupak"}