{"minx": -120.02443450632666, "miny": 28.872578603830394, "maxx": -97.41869065423272, "maxy": 42.557008537108835, "real_name": "Scott's Oriole", "science_name": "Icterus parisorum"}