{"minx": -122.47600485606078, "miny": 34.244632587770376, "maxx": -120.2116721239096, "maxy": 37.27539746213934, "real_name": "Sea Otter", "science_name": "Enhydra lutris"}