{"minx": -88.46865195682483, "miny": 30.82540980905322, "maxx": -77.41248665427236, "maxy": 41.48086446376681, "real_name": "Seal Salamander", "science_name": "Desmognathus monticola"}