{"minx": -88.15871007547395, "miny": 30.733809821920296, "maxx": -69.86728154030688, "maxy": 43.50018660222459, "real_name": "Seaside Sparrow", "science_name": "Ammodramus maritimus"}