{"minx": -104.66001044317197, "miny": 37.62415523263558, "maxx": -72.26019989493362, "maxy": 49.3843578907391, "real_name": "Sedge Wren", "science_name": "Cistothorus platensis"}