{"minx": -88.14791290164021, "miny": 32.61233975250183, "maxx": -82.9139999086573, "maxy": 35.64283733047034, "real_name": "Seepage Salamander", "science_name": "Desmognathus aeneus"}