{"minx": -124.66824152407844, "miny": 24.464611132372944, "maxx": -74.97776118580708, "maxy": 46.01245989749116, "real_name": "Semipalmated Plover", "science_name": "Charadrius semipalmatus"}