{"minx": -98.34615380068288, "miny": 25.18361697722106, "maxx": -75.40432755921597, "maxy": 36.31505765602779, "real_name": "Seminole Bat", "science_name": "Lasiurus seminolus"}