{"minx": -119.22358714429883, "miny": 36.235582328974466, "maxx": -118.5296222878829, "maxy": 36.72719278917004, "real_name": "Sequoia Slender Salamander", "science_name": "Batrachoseps kawia"}