{"minx": -94.84963998175738, "miny": 33.659138914779284, "maxx": -94.24376281546785, "maxy": 34.234659878754364, "real_name": "Sequoyah Slimy Salamander", "science_name": "Plethodon sequoyah"}