{"minx": -124.82919055651315, "miny": 36.21539276775126, "maxx": -117.98831896656179, "maxy": 49.00249428082524, "real_name": "Sewellel", "science_name": "Aplodontia rufa"}