{"minx": -124.41098768357278, "miny": 36.78203011097852, "maxx": -118.21005076625163, "maxy": 44.99760587190215, "real_name": "Shadow Chipmunk", "science_name": "Tamias senex"}