{"minx": -124.56053860435941, "miny": 35.00824949670306, "maxx": -118.31834734221925, "maxy": 48.8722379943615, "real_name": "Sharp-tailed Snake", "science_name": "Contia tenuis"}