{"minx": -113.84881972263975, "miny": 43.75307007768714, "maxx": -67.78043668227201, "maxy": 49.38435789073909, "real_name": "Sharp-shinned Hawk", "science_name": "Accipiter striatus"}