{"minx": -120.71965304939198, "miny": 37.00009934465418, "maxx": -83.43554948569083, "maxy": 49.295815854429165, "real_name": "Sharp-tailed Grouse", "science_name": "Tympanuchus phasianellus"}