{"minx": -122.49325589120212, "miny": 40.61449656165998, "maxx": -121.78238746359312, "maxy": 41.09214822853687, "real_name": "Shasta Salamander", "science_name": "Hydromantes shastae"}