{"minx": -123.14148927944683, "miny": 48.529424175756944, "maxx": -122.70636141648049, "maxy": 48.8722379943615, "real_name": "Shaw Island Vole", "science_name": "Microtus townsendii pugeti"}