{"minx": -99.20891808121321, "miny": 25.837377232568286, "maxx": -96.41156064012591, "maxy": 28.997861741307794, "real_name": "Sheep Frog", "science_name": "Hypopachus variolosus"}