{"minx": -78.51087158310415, "miny": 38.47284253633856, "maxx": -78.13041935836002, "maxy": 38.76215119624338, "real_name": "Shenandoah Mountain Salamander", "science_name": "Plethodon virginia"}