{"minx": -82.97513191855408, "miny": 24.464611132372916, "maxx": -80.05887889341093, "maxy": 26.42816689690159, "real_name": "Shiny Cowbird", "science_name": "Molothrus bonariensis"}