{"minx": -110.83988446495232, "miny": 41.20316787611487, "maxx": -110.70110723683554, "maxy": 41.34086097615044, "real_name": "Short-eared Owl", "science_name": "Asio flammeus"}