{"minx": -83.46923064977223, "miny": 24.464611132372937, "maxx": -79.98143115950225, "maxy": 29.957288473706097, "real_name": "Short-tailed Hawk", "science_name": "Buteo brachyurus"}