{"minx": -80.46457264280953, "miny": 40.3605641187671, "maxx": -77.64306580059699, "maxy": 42.59650108384564, "real_name": "Short-headed Gartersnake", "science_name": "Thamnophis brachystoma"}