{"minx": -83.14491512105268, "miny": 26.963140297677743, "maxx": -80.98110235445812, "maxy": 30.288259918573566, "real_name": "Short-tailed Snake", "science_name": "Lampropeltis extenuata"}