{"minx": -124.41098768357281, "miny": 24.68871080443756, "maxx": -74.24390314328936, "maxy": 40.86526314097273, "real_name": "Short-billed Dowitcher", "science_name": "Limnodromus griseus"}