{"minx": -84.32047678715183, "miny": 34.462259993926395, "maxx": -79.93958606412289, "maxy": 37.46410265252564, "real_name": "Shovel-nosed Salamander", "science_name": "Desmognathus marmoratus"}