{"minx": -124.82919055651313, "miny": 36.134337740871025, "maxx": -120.32470495875624, "maxy": 49.00249428082524, "real_name": "Shrew-mole", "science_name": "Neurotrichus gibbsii"}