{"minx": -119.20553507193362, "miny": 31.332177073329678, "maxx": -110.31715350804903, "maxy": 39.3028520547791, "real_name": "Sidewinder", "science_name": "Crotalus cerastes"}