{"minx": -119.17586009949837, "miny": 35.3251416345067, "maxx": -118.33431595969529, "maxy": 35.989703327203785, "real_name": "Sierra Night Lizard", "science_name": "Xantusia sierrae"}