{"minx": -123.16439450314186, "miny": 35.41336193523514, "maxx": -111.90954612619538, "maxy": 49.00139119218955, "real_name": "Sierran Treefrog", "science_name": "Pseudacris sierra"}