{"minx": -122.66220929257916, "miny": 34.6222770339497, "maxx": -117.77605823940843, "maxy": 41.232897837888544, "real_name": "Sierra Gartersnake", "science_name": "Thamnophis couchii"}