{"minx": -122.72300750372438, "miny": 35.91815056928031, "maxx": -118.01748808431282, "maxy": 45.716323805907145, "real_name": "Sierra Nevada Red Fox", "science_name": "Vulpes vulpes necator"}