{"minx": -122.24226526135601, "miny": 35.45073509362505, "maxx": -117.98831896656179, "maxy": 41.31258858600372, "real_name": "Sierra Newt", "science_name": "Taricha sierrea"}