{"minx": -120.61775648084723, "miny": 38.867136277881315, "maxx": -119.7033328871507, "maxy": 39.43129239501191, "real_name": "Sierra Nevada Mountain Beaver", "science_name": "Aplodontia rufa californica"}