{"minx": -120.54559985220679, "miny": 37.59404036187933, "maxx": -119.19918867965717, "maxy": 39.36413616968558, "real_name": "Sierra Nevada Yellow-legged Frog", "science_name": "Rana sierrae"}