{"minx": -100.71614491783404, "miny": 27.25662933095091, "maxx": -75.03376026991538, "maxy": 39.047173278127566, "real_name": "Sika", "science_name": "Cervus nippon"}