{"minx": -113.86723061731992, "miny": 28.971546136987303, "maxx": -98.44571493302459, "maxy": 43.514613186656725, "real_name": "Silky Pocket Mouse", "science_name": "Perognathus flavus"}