{"minx": -124.82919055651313, "miny": 26.036338117461916, "maxx": -66.90176211350195, "maxy": 49.38435789073909, "real_name": "Silver-haired Bat", "science_name": "Lasionycteris noctivagans"}