{"minx": -124.66109872475803, "miny": 41.13867717643368, "maxx": -121.63476133590473, "maxy": 44.508413899189215, "real_name": "Siskiyou Chipmunk", "science_name": "Tamias siskiyou"}