{"minx": -123.49572541407115, "miny": 41.54298578000889, "maxx": -122.80822932315422, "maxy": 42.32821879398069, "real_name": "Siskiyou Mountains Salamander", "science_name": "Plethodon stormi"}