{"minx": -105.93005994099987, "miny": 24.464611132372916, "maxx": -75.15065131788427, "maxy": 45.19782661462455, "real_name": "Six-lined Racerunner", "science_name": "Aspidoscelis sexlineata"}