{"minx": -101.87689565672223, "miny": 25.083410362316304, "maxx": -75.52237183655132, "maxy": 44.594912284831494, "real_name": "Slender Glass Lizard", "science_name": "Ophisaurus attenuatus"}