{"minx": -111.30072279663855, "miny": 31.332172207742722, "maxx": -108.50440359668987, "maxy": 32.404828524098924, "real_name": "Slevin's Bunchgrass Lizard", "science_name": "Sceloporus slevini"}