{"minx": -96.87366204571312, "miny": 28.404415694460663, "maxx": -91.38626593024553, "maxy": 33.91846371149879, "real_name": "Slowinski's Cornsnake", "science_name": "Pantherophis slowinskii"}