{"minx": -99.77075602315463, "miny": 27.946132358556373, "maxx": -80.33103914447273, "maxy": 42.81962640707717, "real_name": "Small-mouthed Salamander", "science_name": "Ambystoma texanum"}