{"minx": -100.03831346739487, "miny": 30.900559225811307, "maxx": -88.10842871155612, "maxy": 42.38756728145633, "real_name": "Smith's Longspur", "science_name": "Calcarius pictus"}