{"minx": -120.13396834992633, "miny": 27.67258696602973, "maxx": -99.09570119385221, "maxy": 40.16521660086394, "real_name": "Smith's Black-headed Snake", "science_name": "Tantilla hobartsmithi"}