{"minx": -90.60772590625164, "miny": 33.81981038111406, "maxx": -66.90176211350195, "maxy": 48.112640691226325, "real_name": "Smoky Shrew", "science_name": "Sorex fumeus"}