{"minx": -99.91507399194487, "miny": 27.058373597212352, "maxx": -73.87942944015509, "maxy": 41.963648328565235, "real_name": "Smooth Earthsnake", "science_name": "Virginia valeriae"}