{"minx": -105.8070240928456, "miny": 28.389330751901806, "maxx": -79.20678664526176, "maxy": 46.46430470445124, "real_name": "Smooth Softshell", "science_name": "Apalone mutica"}