{"minx": -112.63164606726217, "miny": 28.604426524598964, "maxx": -66.90176211350197, "maxy": 49.00069137025354, "real_name": "Smooth Greensnake", "science_name": "Opheodrys vernalis"}