{"minx": -82.36635296825084, "miny": 24.68871080443756, "maxx": -79.98143115950225, "maxy": 28.70076031310663, "real_name": "Snail Kite", "science_name": "Rostrhamus sociabilis"}