{"minx": -114.53245583141506, "miny": 24.464611132372916, "maxx": -66.90176211350196, "maxy": 49.38435789073906, "real_name": "Snapping Turtle", "science_name": "Chelydra serpentina"}