{"minx": -124.82919055651315, "miny": 35.08275393435124, "maxx": -66.90176211350197, "maxy": 49.38435789073911, "real_name": "Snowshoe Hare", "science_name": "Lepus americanus"}