{"minx": -124.44801600760724, "miny": 25.837377232568308, "maxx": -69.86728154030689, "maxy": 49.00245905804304, "real_name": "Snow Goose", "science_name": "Chen caerulescens"}