{"minx": -122.22924742002051, "miny": 30.05237038485051, "maxx": -96.64562999858002, "maxy": 46.27887376654186, "real_name": "Snowy Plover", "science_name": "Charadrius nivosus"}