{"minx": -124.82919055651315, "miny": 33.4009098819316, "maxx": -66.90176211350197, "maxy": 49.3843578907391, "real_name": "Snowy Owl", "science_name": "Bubo scandiacus"}