{"minx": -122.22924742002054, "miny": 29.13906017612668, "maxx": -69.09841487695473, "maxy": 48.53594294036948, "real_name": "Snowy Egret", "science_name": "Egretta thula"}