{"minx": -124.82919055651315, "miny": 33.560883947277745, "maxx": -66.90176211350197, "maxy": 49.38435789073909, "real_name": "Snow Bunting", "science_name": "Plectrophenax nivalis"}