{"minx": -90.46117987662926, "miny": 45.00820987110468, "maxx": -67.416594761259, "maxy": 48.29976080088266, "real_name": "Solitary Sandpiper", "science_name": "Tringa solitaria"}