{"minx": -114.28400264431242, "miny": 42.40883981322573, "maxx": -67.39078408352282, "maxy": 49.38435789073909, "real_name": "Song Sparrow", "science_name": "Melospiza melodia"}