{"minx": -114.56465396365364, "miny": 31.332172207742722, "maxx": -107.40451819024697, "maxy": 35.46174447474711, "real_name": "Sonoran Mud Turtle", "science_name": "Kinosternon sonoriense"}