{"minx": -115.5010739035545, "miny": 31.332172207742722, "maxx": -106.4851472201434, "maxy": 41.43377886241092, "real_name": "Sonoran Mountain Kingsnake", "science_name": "Lampropeltis pyromelana"}