{"minx": -124.47443617035336, "miny": 38.247386520849375, "maxx": -122.69618605657497, "maxy": 41.586237726290754, "real_name": "Sonoma Tree Vole", "science_name": "Arborimus pomo"}