{"minx": -114.81659175159807, "miny": 31.332182822381213, "maxx": -110.91044481093313, "maxy": 33.54615019040209, "real_name": "Sonoran Collared Lizard", "science_name": "Crotaphytus nebrius"}