{"minx": -124.20359876441266, "miny": 37.63241181778035, "maxx": -121.08335159070025, "maxy": 42.044379968942, "real_name": "Sonoma Chipmunk", "science_name": "Tamias sonomae"}