{"minx": -114.31479871168987, "miny": 31.81708829513669, "maxx": -112.57895719660246, "maxy": 33.35036146988442, "real_name": "Sonoran Pronghorn", "science_name": "Antilocapra americana sonoriensis"}