{"minx": -113.92789215592803, "miny": 31.332172207742722, "maxx": -107.73395643158732, "maxy": 35.451854987251885, "real_name": "Sonoran Whipsnake", "science_name": "Coluber bilineatus"}