{"minx": -113.28976003661231, "miny": 31.38387616717137, "maxx": -111.11414727137137, "maxy": 33.042961674274814, "real_name": "Sonoran Green Toad", "science_name": "Anaxyrus retiformis"}