{"minx": -112.69075057665766, "miny": 31.332172207742722, "maxx": -107.73395643158733, "maxy": 34.07915336002997, "real_name": "Sonoran Spotted Whiptail", "science_name": "Aspidoscelis sonorae"}