{"minx": -113.7630344365353, "miny": 31.781991520568877, "maxx": -112.45783543903397, "maxy": 32.84416385653497, "real_name": "Sonoran Shovel-nosed Snake", "science_name": "Chionactis palarostris"}