{"minx": -114.68483692202942, "miny": 31.332172207742722, "maxx": -108.16232541999852, "maxy": 35.451854987251885, "real_name": "Sonoran Coralsnake", "science_name": "Micruroides euryxanthus"}