{"minx": -116.08423104440575, "miny": 31.332172207742722, "maxx": -108.74186733292817, "maxy": 35.451854987251885, "real_name": "Sonoran Desert Toad", "science_name": "Ollotis alvaria"}