{"minx": -124.82919055651315, "miny": 39.50487986381484, "maxx": -121.22636643893814, "maxy": 49.00249428082524, "real_name": "Sooty Grouse", "science_name": "Dendragapus fuliginosus"}