{"minx": -97.79787992787004, "miny": 24.464611132372916, "maxx": -80.97833426183767, "maxy": 30.304167430781423, "real_name": "Sooty Tern", "science_name": "Onychoprion fuscatus"}