{"minx": -124.82919055651313, "miny": 33.79458477233747, "maxx": -66.90176211350195, "maxy": 49.38435789073909, "real_name": "Sora", "science_name": "Porzana carolina"}