{"minx": -95.5078300022303, "miny": 26.91473374581224, "maxx": -75.40432755921594, "maxy": 41.567697576605404, "real_name": "Southeastern Shrew", "science_name": "Sorex longirostris"}