{"minx": -121.1962777718442, "miny": 30.05237038485051, "maxx": -103.09896302026829, "maxy": 40.65821940026524, "real_name": "Southern Grasshopper Mouse", "science_name": "Onychomys torridus"}