{"minx": -81.94580457017531, "miny": 35.42429220054469, "maxx": -81.49566997095299, "maxy": 35.78166318964258, "real_name": "South Mountain Gray-cheeked Salamander", "science_name": "Plethodon meridianus"}