{"minx": -96.90249667932457, "miny": 27.485358608238187, "maxx": -75.40432755921594, "maxy": 37.27705866777136, "real_name": "Southern Dusky Salamander", "science_name": "Desmognathus auriculatus"}