{"minx": -91.81696425552748, "miny": 24.464611132372916, "maxx": -75.51776399207431, "maxy": 37.60418565934477, "real_name": "Southern Cricket Frog", "science_name": "Acris gryllus"}