{"minx": -91.64842334965199, "miny": 29.235281103419258, "maxx": -75.70945249825446, "maxy": 41.49332871765974, "real_name": "Southern Two-lined Salamander", "science_name": "Eurycea cirrigera"}