{"minx": -98.83884994874701, "miny": 24.68871080443752, "maxx": -75.40432755921596, "maxy": 37.35499533520615, "real_name": "Southern Watersnake", "science_name": "Nerodia fasciata"}