{"minx": -124.66824152407844, "miny": 32.529275810999415, "maxx": -115.51870566402187, "maxy": 47.3702535895663, "real_name": "Southern Alligator Lizard", "science_name": "Elgaria multicarinata"}