{"minx": -112.69075057665766, "miny": 31.332177073329653, "maxx": -107.73395643158733, "maxy": 32.68999108839246, "real_name": "Southern Pocket Gopher", "science_name": "Thomomys umbrinus"}