{"minx": -91.10803813624592, "miny": 29.541648843621076, "maxx": -76.04852481226924, "maxy": 38.81004027240074, "real_name": "Southeastern Crowned Snake", "science_name": "Tantilla coronata"}