{"minx": -85.51938875534032, "miny": 35.5275027472762, "maxx": -80.29515502941253, "maxy": 39.17277342721626, "real_name": "Southern Ravine Salamander", "science_name": "Plethodon richmondi"}