{"minx": -87.44447279829338, "miny": 27.929864402029605, "maxx": -76.04852481226922, "maxy": 35.93067422257803, "real_name": "Southern Hog-nosed Snake", "science_name": "Heterodon simus"}