{"minx": -100.3495857405009, "miny": 25.837377232568308, "maxx": -96.904808409465, "maxy": 28.831630226728247, "real_name": "Southern Yellow Bat", "science_name": "Lasiurus ega"}