{"minx": -124.66824152407844, "miny": 38.81125100571499, "maxx": -121.75431111443899, "maxy": 45.35726213203061, "real_name": "Southern Torrent Salamander", "science_name": "Rhyacotriton variegatus"}