{"minx": -99.00074628133352, "miny": 27.2271319717443, "maxx": -77.01150452306798, "maxy": 39.64220826844903, "real_name": "Southeastern Myotis", "science_name": "Myotis austroriparius"}