{"minx": -96.65382431061964, "miny": 24.464611132372937, "maxx": -75.40432755921593, "maxy": 38.41011524262937, "real_name": "Southern Short-tailed Shrew", "science_name": "Blarina carolinensis"}