{"minx": -108.98633284359113, "miny": 25.837377232568308, "maxx": -96.41156064012591, "maxy": 38.43353530214533, "real_name": "Southern Plains Woodrat", "science_name": "Neotoma micropus"}