{"minx": -101.77310629400002, "miny": 34.57689468554434, "maxx": -66.90176211350197, "maxy": 49.38435789073911, "real_name": "Southern Bog Lemming", "science_name": "Synaptomys cooperi"}