{"minx": -117.43887810559926, "miny": 33.46381819520868, "maxx": -116.36538465946084, "maxy": 34.566920883268914, "real_name": "Southern Rubber Boa", "science_name": "Charina umbratica"}