{"minx": -81.66149883647931, "miny": 31.68894842708685, "maxx": -78.54874124752622, "maxy": 34.339652648723764, "real_name": "South Carolina Slimy Salamander", "science_name": "Plethodon variolatus"}