{"minx": -111.60662653479402, "miny": 31.332172207742722, "maxx": -107.73395643158733, "maxy": 33.69722322153193, "real_name": "South American Coati", "science_name": "Nasua narica"}