{"minx": -98.65741992990004, "miny": 24.68871080443756, "maxx": -66.90176211350196, "maxy": 47.68715121965453, "real_name": "Southern Flying Squirrel", "science_name": "Glaucomys volans"}