{"minx": -91.31703343778024, "miny": 24.464611132372944, "maxx": -75.40432755921596, "maxy": 39.25433255003004, "real_name": "Southeastern Five-lined Skink", "science_name": "Plestiodon inexpectatus"}