{"minx": -95.20694007823704, "miny": 28.99142171801241, "maxx": -85.32704493691338, "maxy": 37.565874373283144, "real_name": "Southern Painted Turtle", "science_name": "Chrysemys dorsalis"}