{"minx": -112.69075057665765, "miny": 31.332177073329653, "maxx": -109.86170087806137, "maxy": 32.68999108839246, "real_name": "Southern Pocket Gopher (intermedius)", "science_name": "Thomomys umbrinus intermedius"}