{"minx": -89.78026218671333, "miny": 24.464611132372937, "maxx": -76.04852481226924, "maxy": 35.88263628420366, "real_name": "Southern Chorus Frog", "science_name": "Pseudacris nigrita"}