{"minx": -88.54320520908209, "miny": 33.0035194772184, "maxx": -81.26117151190351, "maxy": 38.090116709463345, "real_name": "Southern Zigzag Salamander", "science_name": "Plethodon ventralis"}