{"minx": -111.78556960631781, "miny": 31.332172207742722, "maxx": -106.2094822411754, "maxy": 35.50140132885255, "real_name": "Southwestern Myotis", "science_name": "Myotis auriculus"}