{"minx": -91.8169642555275, "miny": 24.464611132372916, "maxx": -75.40432755921594, "maxy": 37.998028466241614, "real_name": "Southern Toad", "science_name": "Anaxyrus terrestris"}