{"minx": -99.9271047797603, "miny": 24.464611132372944, "maxx": -72.08123480795813, "maxy": 42.308246353453946, "real_name": "Southern Leopard Frog", "science_name": "Lithobates sphenocephalus"}