{"minx": -95.34314003548602, "miny": 31.076624999761076, "maxx": -82.22367802906004, "maxy": 38.95699793741965, "real_name": "Southern Red-backed Salamander", "science_name": "Plethodon serratus"}