{"minx": -88.28438760976864, "miny": 26.84849699168121, "maxx": -80.47396570779723, "maxy": 33.85516007281596, "real_name": "Southeastern Pocket Gopher", "science_name": "Geomys pinetis"}