{"minx": -84.63686764604165, "miny": 34.35215387924147, "maxx": -82.4074391508413, "maxy": 36.07590825624903, "real_name": "Southern Appalachian Salamander", "science_name": "Plethodon teyahalee"}