{"minx": -118.55803981982261, "miny": 34.15742437800418, "maxx": -117.3871198341079, "maxy": 36.98260530000569, "real_name": "Southern Mountain Yellow-legged Frog", "science_name": "Rana muscosa"}