{"minx": -124.82919055651315, "miny": 32.92135405450099, "maxx": -66.90176211350197, "maxy": 49.38435789073909, "real_name": "Southern Red-backed Vole", "science_name": "Myodes gapperi"}