{"minx": -83.14491512105263, "miny": 24.9690782673592, "maxx": -79.98143115950225, "maxy": 30.51230662549649, "real_name": "Southern Dwarf Siren", "science_name": "Pseudobranchus axanthus"}