{"minx": -83.81417967747866, "miny": 34.90267206977959, "maxx": -78.99892435778678, "maxy": 39.011288031584904, "real_name": "Southern Rock Vole", "science_name": "Microtus chrotorrhinus carolinensis"}