{"minx": -88.08552577038247, "miny": 27.262061575454872, "maxx": -80.82571273015557, "maxy": 32.816235428626925, "real_name": "Southeastern Slimy Salamander", "science_name": "Plethodon grobmani"}