{"minx": -83.61669719569007, "miny": 34.788179175512404, "maxx": -81.96941260123874, "maxy": 35.87265255865628, "real_name": "Southern Gray-cheeked Salamander", "science_name": "Plethodon metcalfi"}