{"minx": -81.03065008446617, "miny": 27.748480859801063, "maxx": -80.35377267605662, "maxy": 29.176203771544223, "real_name": "Southeast Beach Deermouse", "science_name": "Peromyscus polionotus niveiventris"}