{"minx": -117.17122938700265, "miny": 43.89470194999817, "maxx": -116.3771519044726, "maxy": 44.52211834775206, "real_name": "Southern Idaho Ground Squirrel", "science_name": "Urocitellus brunneus endemicus"}