{"minx": -119.11562696832846, "miny": 31.781991520568877, "maxx": -110.31715350804906, "maxy": 39.635481624267555, "real_name": "Speckled Rattlesnake", "science_name": "Crotalus mitchellii"}