{"minx": -98.48326967226025, "miny": 25.837377232568322, "maxx": -97.09609769471822, "maxy": 26.588181758285952, "real_name": "Speckled Racer", "science_name": "Drymobius margaritiferus"}