{"minx": -116.84798793251292, "miny": 32.60394050832935, "maxx": -114.07304665307431, "maxy": 35.271889092541336, "real_name": "Spiny Pocket Mouse", "science_name": "Chaetodipus spinatus"}