{"minx": -119.89111340936125, "miny": 25.837377232568322, "maxx": -76.47841292093187, "maxy": 48.26131562508952, "real_name": "Spiny Softshell", "science_name": "Apalone spinifera"}