{"minx": -81.30038746278842, "miny": 25.659683058707838, "maxx": -79.98143115950224, "maxy": 28.2955433962356, "real_name": "Spot-breasted Oriole", "science_name": "Icterus pectoralis"}