{"minx": -88.2008094003626, "miny": 28.409656331330112, "maxx": -68.33265464812575, "maxy": 45.57091836647124, "real_name": "Spotted Turtle", "science_name": "Clemmys guttata"}