{"minx": -103.26841476343253, "miny": 25.837377232568286, "maxx": -94.48270003261898, "maxy": 39.258234288514856, "real_name": "Spotted Chorus Frog", "science_name": "Pseudacris clarkii"}