{"minx": -104.92148618310924, "miny": 28.971546136987314, "maxx": -102.18323918196393, "maxy": 30.66977777301962, "real_name": "Spotted Chirping Frog", "science_name": "Eleutherodactylus guttilatus"}