{"minx": -123.88462715088822, "miny": 33.22225528979978, "maxx": -66.90176211350195, "maxy": 49.38435789073909, "real_name": "Spotted Sandpiper", "science_name": "Actitis macularius"}