{"minx": -122.6774141424568, "miny": 28.971546136987303, "maxx": -102.32345141899023, "maxy": 49.00139119218951, "real_name": "Spotted Bat", "science_name": "Euderma maculatum"}