{"minx": -122.13957451689907, "miny": 35.516550000202265, "maxx": -118.75110133025963, "maxy": 40.271417516709526, "real_name": "Spotted Owl", "science_name": "Strix occidentalis"}