{"minx": -95.80861878755167, "miny": 28.875800600504995, "maxx": -80.93623188541733, "maxy": 37.32782358183639, "real_name": "Spotted Dusky Salamander", "science_name": "Desmognathus conanti"}