{"minx": -120.2895694207753, "miny": 32.529275810999415, "maxx": -115.67559640554245, "maxy": 36.94007860719527, "real_name": "Spotted Dove", "science_name": "Streptopelia chinensis"}