{"minx": -122.56505370072855, "miny": 34.540314987397, "maxx": -100.14314605081793, "maxy": 49.00141272067123, "real_name": "Spotted Towhee", "science_name": "Pipilo maculatus"}