{"minx": -103.1200753493809, "miny": 26.20124729035784, "maxx": -96.41156064012591, "maxy": 32.52610409545711, "real_name": "Spot-tailed Earless Lizard", "science_name": "Holbrookia lacerata"}