{"minx": -114.30681280697779, "miny": 25.837377232568286, "maxx": -96.904808409465, "maxy": 43.85421093773216, "real_name": "Spotted Ground Squirrel", "science_name": "Xerospermophilus spilosoma"}