{"minx": -119.10834577165666, "miny": 31.332177073329653, "maxx": -110.31715350804906, "maxy": 37.67443288047512, "real_name": "Spotted Leaf-nosed Snake", "science_name": "Phyllorhynchus decurtatus"}