{"minx": -96.61011090020416, "miny": 29.893590111673145, "maxx": -66.90176211350195, "maxy": 48.30415077395425, "real_name": "Spotted Salamander", "science_name": "Ambystoma maculatum"}