{"minx": -113.97336266925706, "miny": 44.234460882630835, "maxx": -95.15177842000962, "maxy": 49.0011323536733, "real_name": "Sprague's Pipit", "science_name": "Anthus spragueii"}