{"minx": -88.5581443441223, "miny": 32.61233975250183, "maxx": -68.2501001823931, "maxy": 46.53670200779283, "real_name": "Spring Salamander", "science_name": "Gyrinophilus porphyriticus"}