{"minx": -98.42496198370465, "miny": 28.105185508018938, "maxx": -66.90176211350195, "maxy": 49.38435789073909, "real_name": "Spring Peeper", "science_name": "Pseudacris crucifer"}