{"minx": -122.59706411936426, "miny": 43.500981871097856, "maxx": -66.90176211350195, "maxy": 49.38435789073909, "real_name": "Spruce Grouse", "science_name": "Falcipennis canadensis"}