{"minx": -98.92698079363356, "miny": 24.464611132372916, "maxx": -75.51776399207428, "maxy": 39.072367795463634, "real_name": "Squirrel Treefrog", "science_name": "Hyla squirella"}