{"minx": -85.72592762750247, "miny": 29.58376359062894, "maxx": -85.13129437180483, "maxy": 30.147629039170567, "real_name": "St. Andrews Beach Deermouse", "science_name": "Peromyscus polionotus peninsularis"}