{"minx": -99.77301562009161, "miny": 30.26931015971402, "maxx": -66.90176211350197, "maxy": 49.38435789073911, "real_name": "Star-nosed Mole", "science_name": "Condylura cristata"}