{"minx": -122.0169613511105, "miny": 36.04790855199226, "maxx": -118.05884448202382, "maxy": 49.001158420451425, "real_name": "Steller's Jay", "science_name": "Cyanocitta stelleri"}