{"minx": -124.82919055651318, "miny": 37.02065837655121, "maxx": -121.78706489016398, "maxy": 49.002425450260866, "real_name": "Steller Sea Lion", "science_name": "Eumetopias jubatus"}