{"minx": -114.48829653875997, "miny": 32.414289273180906, "maxx": -106.38997414872765, "maxy": 37.708540996549175, "real_name": "Stephen's Woodrat", "science_name": "Neotoma stephensi"}