{"minx": -117.91981123301012, "miny": 32.92304417912067, "maxx": -116.48855192060184, "maxy": 34.070742690273825, "real_name": "Stephen's Kangaroo Rat", "science_name": "Dipodomys stephensi"}