{"minx": -116.42144644430049, "miny": 24.464611132372937, "maxx": -79.98143115950224, "maxy": 33.6826783565944, "real_name": "Stilt Sandpiper", "science_name": "Calidris himantopus"}