{"minx": -102.24370981760724, "miny": 25.837377232568308, "maxx": -89.05967102740506, "maxy": 40.82989114157992, "real_name": "Strecker's Chorus Frog", "science_name": "Pseudacris streckeri"}