{"minx": -88.70332683394933, "miny": 35.47849436385949, "maxx": -82.11236378921303, "maxy": 40.13552487490911, "real_name": "Streamside Salamander", "science_name": "Ambystoma barbouri"}