{"minx": -111.30072279663855, "miny": 31.332177073329685, "maxx": -109.86170087806137, "maxy": 33.02795928797437, "real_name": "Streak-backed Oriole", "science_name": "Icterus pustulatus"}