{"minx": -100.34310014631751, "miny": 28.27163058004152, "maxx": -99.38234636652247, "maxy": 29.042285778081066, "real_name": "Strecker's Pocket Gopher", "science_name": "Geomys streckeri"}