{"minx": -123.68729255902032, "miny": 28.883839480427785, "maxx": -96.5868195045618, "maxy": 47.744083987194806, "real_name": "Striped Whipsnake", "science_name": "Coluber taeniatus"}