{"minx": -123.98134495912717, "miny": 32.52927581099941, "maxx": -115.84188531491922, "maxy": 41.23467493251767, "real_name": "Striped Racer", "science_name": "Coluber lateralis"}