{"minx": -85.19256659671181, "miny": 28.10518550801891, "maxx": -80.51386439040992, "maxy": 33.05677815618893, "real_name": "Striped Newt", "science_name": "Notophthalmus perstriatus"}