{"minx": -85.16139391756937, "miny": 24.68871080443752, "maxx": -79.98143115950225, "maxy": 31.58114641739017, "real_name": "Striped Crayfish Snake", "science_name": "Regina alleni"}