{"minx": -85.19256659671183, "miny": 24.464611132372916, "maxx": -75.40432755921594, "maxy": 37.91474719197874, "real_name": "Striped Mud Turtle", "science_name": "Kinosternon baurii"}