{"minx": -109.73691034175827, "miny": 31.332172207742722, "maxx": -108.20808674030872, "maxy": 32.40482852409896, "real_name": "Striped Plateau Lizard", "science_name": "Sceloporus virgatus"}