{"minx": -122.64255548718009, "miny": 37.99730806016774, "maxx": -121.83543529125097, "maxy": 38.29910774209827, "real_name": "Suisun Shrew", "science_name": "Sorex ornatus sinuosus"}