{"minx": -111.96563807772412, "miny": 31.33217220774269, "maxx": -108.90187108823655, "maxy": 34.94542023434598, "real_name": "Sulphur-bellied Flycatcher", "science_name": "Myiodynastes luteiventris"}