{"minx": -119.12498143274595, "miny": 26.036338117461938, "maxx": -74.40941991356142, "maxy": 42.61359502223556, "real_name": "Summer Tanager", "science_name": "Piranga rubra"}