{"minx": -124.82919055651313, "miny": 25.815527543175666, "maxx": -66.90176211350195, "maxy": 49.00242545026088, "real_name": "Surf Scoter", "science_name": "Melanitta perspicillata"}