{"minx": -124.82919055651315, "miny": 32.529275810999415, "maxx": -116.84895416080454, "maxy": 49.002425450260866, "real_name": "Surfbird", "science_name": "Aphriza virgata"}