{"minx": -83.64027457175585, "miny": 27.338702297190462, "maxx": -81.84237752936487, "maxy": 31.136056009850954, "real_name": "Suwannee Cooter", "science_name": "Pseudemys suwanniensis"}