{"minx": -96.60660472429348, "miny": 28.389330751901795, "maxx": -75.22632911985433, "maxy": 39.28583475290242, "real_name": "Swainson's Warbler", "science_name": "Limnothlypis swainsonii"}