{"minx": -124.82919055651313, "miny": 31.332177073329678, "maxx": -66.90176211350195, "maxy": 49.38435789073906, "real_name": "Swainson's Thrush", "science_name": "Catharus ustulatus"}