{"minx": -124.47443617035336, "miny": 26.689494128644892, "maxx": -89.51462319225388, "maxy": 49.00139119218951, "real_name": "Swainson's Hawk", "science_name": "Buteo swainsoni"}