{"minx": -94.58707292934005, "miny": 24.464611132372944, "maxx": -79.12010002257612, "maxy": 33.803474122993244, "real_name": "Swallow-tailed Kite", "science_name": "Elanoides forficatus"}