{"minx": -101.00532807493151, "miny": 38.14109789465128, "maxx": -66.90176211350195, "maxy": 49.38435789073906, "real_name": "Swamp Sparrow", "science_name": "Melospiza georgiana"}