{"minx": -99.60639068894143, "miny": 27.77312968160372, "maxx": -82.79398819186348, "maxy": 39.080380617892004, "real_name": "Swamp Rabbit", "science_name": "Sylvilagus aquaticus"}