{"minx": -110.43066173644553, "miny": 31.031974143921477, "maxx": -98.50436952456329, "maxy": 46.31680477046202, "real_name": "Swift Fox", "science_name": "Vulpes velox"}