{"minx": -116.70756065620427, "miny": 32.603940508329366, "maxx": -115.7139590635349, "maxy": 33.30828300990989, "real_name": "Switak's Banded Gecko", "science_name": "Coleonyx switaki"}