{"minx": -99.45231597172098, "miny": 25.837377232568308, "maxx": -97.08230976984538, "maxy": 27.810864953254022, "real_name": "Tamaulipas Crow", "science_name": "Corvus imparatus"}