{"minx": -100.22254929866524, "miny": 25.837377232568308, "maxx": -97.09609769471824, "maxy": 28.853733650752265, "real_name": "Tamaulipan Hook-nosed Snake", "science_name": "Ficimia streckeri"}