{"minx": -111.30072279663857, "miny": 31.332172207742722, "maxx": -106.20948224117537, "maxy": 36.12599836679901, "real_name": "Tawny-bellied Cotton Rat", "science_name": "Sigmodon fulviventer"}