{"minx": -119.10834577165663, "miny": 34.77509904746898, "maxx": -118.00319377968987, "maxy": 35.485544610133665, "real_name": "Tehachapi Slender Salamander", "science_name": "Batrachoseps stebbinsi"}