{"minx": -84.63686764604164, "miny": 35.066652512866504, "maxx": -83.76185038366097, "maxy": 35.61734612102534, "real_name": "Tellico Salamander", "science_name": "Plethodon aureolus"}