{"minx": -88.25124347130536, "miny": 34.24069959359144, "maxx": -83.27455144682213, "maxy": 36.33278682876894, "real_name": "Tennessee Cave Salamander", "science_name": "Gyrinophilus palleucus"}