{"minx": -113.80371671813595, "miny": 44.19678197785774, "maxx": -66.90176211350195, "maxy": 49.3843578907391, "real_name": "Tennessee Warbler", "science_name": "Vermivora peregrina"}