{"minx": -124.66824152407841, "miny": 32.099170585671665, "maxx": -101.46920995355283, "maxy": 49.00249428082528, "real_name": "Terrestrial Gartersnake", "science_name": "Thamnophis elegans"}