{"minx": -102.28339139445927, "miny": 25.837377232568322, "maxx": -95.01720006508565, "maxy": 35.26030946502645, "real_name": "Texas Threadsnake", "science_name": "Leptotyphlops dulcis"}