{"minx": -108.42069972559825, "miny": 28.971546136987296, "maxx": -102.94818520104765, "maxy": 33.319028361564655, "real_name": "Texas Lyresnake", "science_name": "Trimorphodon vilkinsonii"}