{"minx": -98.15310849181392, "miny": 29.731219971108462, "maxx": -97.77624799973407, "maxy": 30.02756311927116, "real_name": "Texas Blind Salamander", "science_name": "Eurycea rathbuni"}