{"minx": -101.44362046639236, "miny": 25.837377232568322, "maxx": -88.86574640580035, "maxy": 44.45353709868538, "real_name": "Texas Ratsnake", "science_name": "Pantherophis obsoletus"}