{"minx": -102.9325578075112, "miny": 25.837377232568308, "maxx": -94.45772987971603, "maxy": 34.27516954946191, "real_name": "Texas Spiny Lizard", "science_name": "Sceloporus olivaceus"}