{"minx": -103.16436654198688, "miny": 25.837377232568286, "maxx": -91.5300478598297, "maxy": 33.8687116922638, "real_name": "Texas Coralsnake", "science_name": "Micrurus tener"}