{"minx": -101.03894116561112, "miny": 29.38366970730856, "maxx": -96.36888826085061, "maxy": 31.89900203000146, "real_name": "Texas Map Turtle", "science_name": "Graptemys versa"}