{"minx": -99.13250292324044, "miny": 29.421528282930275, "maxx": -98.4945836575965, "maxy": 30.071748414422544, "real_name": "Texas Salamander", "science_name": "Eurycea neotenes"}