{"minx": -103.48761460394579, "miny": 28.754266227255382, "maxx": -91.62301052819846, "maxy": 37.42132244622533, "real_name": "Texas Deermouse", "science_name": "Peromyscus attwateri"}