{"minx": -104.09562837604366, "miny": 28.971546136987303, "maxx": -96.83917102796048, "maxy": 31.263419150331135, "real_name": "Texas Alligator Lizard", "science_name": "Gerrhonotus infernalis"}