{"minx": -110.28436165660911, "miny": 25.083410362316272, "maxx": -77.011504523068, "maxy": 40.264511340567104, "real_name": "Texas Horned Lizard", "science_name": "Phrynosoma cornutum"}