{"minx": -101.24304509888562, "miny": 25.837377232568308, "maxx": -96.904808409465, "maxy": 29.785783240997528, "real_name": "Texas Pocket Gopher", "science_name": "Geomys personatus"}