{"minx": -101.60453024060311, "miny": 25.837377232568322, "maxx": -95.3329961474228, "maxy": 30.232705570843866, "real_name": "Texas Tortoise", "science_name": "Gopherus berlandieri"}