{"minx": -101.88225746456868, "miny": 27.77312968160372, "maxx": -94.47811977179869, "maxy": 33.86142385809373, "real_name": "Texas Cooter", "science_name": "Pseudemys texana"}