{"minx": -100.90221437706427, "miny": 33.74115872322456, "maxx": -98.44996270096254, "maxy": 34.493802922048886, "real_name": "Texas Kangaroo Rat", "science_name": "Dipodomys elator"}