{"minx": -106.86385701842701, "miny": 25.837377232568322, "maxx": -95.03290141602344, "maxy": 37.20025415868831, "real_name": "Texas Toad", "science_name": "Anaxyrus speciosus"}