{"minx": -107.28101734240322, "miny": 25.837377232568322, "maxx": -97.09609769471822, "maxy": 33.82607503464524, "real_name": "Texas Banded Gecko", "science_name": "Coleonyx brevis"}