{"minx": -107.4345733113207, "miny": 28.971546136987303, "maxx": -100.77945619734773, "maxy": 35.86370052914943, "real_name": "Texas Antelope Squirrel", "science_name": "Ammospermophilus interpres"}