{"minx": -124.82919055651313, "miny": 25.837377232568308, "maxx": -69.86728154030689, "maxy": 49.00249428082526, "real_name": "Thayer's Gull", "science_name": "Larus thayeri"}