{"minx": -111.65154660441584, "miny": 31.332172207742722, "maxx": -107.73395643158732, "maxy": 33.58436656448027, "real_name": "Thick-billed Kingbird", "science_name": "Tyrannus crassirostris"}