{"minx": -74.30040368366946, "miny": 40.37563508900735, "maxx": -66.90176211350195, "maxy": 44.99065573934116, "real_name": "Thick-billed Murre", "science_name": "Uria lomvia"}