{"minx": -113.77373098999324, "miny": 27.77312968160374, "maxx": -81.65731904434514, "maxy": 49.29581585442918, "real_name": "Thirteen-lined Ground Squirrel", "science_name": "Ictidomys tridecemlineatus"}