{"minx": -111.65154660441586, "miny": 31.332177073329653, "maxx": -110.34447002179934, "maxy": 32.68999108839246, "real_name": "Thornscrub Hook-nosed Snake", "science_name": "Gyalopion quadrangulare"}