{"minx": -91.81696425552748, "miny": 29.541648843621076, "maxx": -75.51776399207431, "maxy": 39.3785854981254, "real_name": "Three-lined Salamander", "science_name": "Eurycea guttolineata"}