{"minx": -96.29382547367595, "miny": 28.875800600504995, "maxx": -86.3424000436043, "maxy": 37.901644038961855, "real_name": "Three-toed Amphiuma", "science_name": "Amphiuma tridactylum"}