{"minx": -123.58008194474627, "miny": 27.052458695678432, "maxx": -98.65680389444817, "maxy": 45.16204142891738, "real_name": "Tiger Whiptail", "science_name": "Aspidoscelis tigris"}