{"minx": -113.7630344365353, "miny": 31.332172207742722, "maxx": -108.95349321264409, "maxy": 34.80191359583441, "real_name": "Tiger Rattlesnake", "science_name": "Crotalus tigris"}