{"minx": -99.30764152945154, "miny": 27.2257212996431, "maxx": -70.545325306408, "maxy": 45.313450871354135, "real_name": "Timber Rattlesnake", "science_name": "Crotalus horridus"}