{"minx": -119.56709301462999, "miny": 34.98587421665471, "maxx": -118.69382391957403, "maxy": 36.60415806798966, "real_name": "Tipton Kangaroo Rat", "science_name": "Dipodomys nitratoides nitratoides"}