{"minx": -121.08724493088889, "miny": 45.58556507825978, "maxx": -118.81665635998573, "maxy": 47.246727814006, "real_name": "Townsend's Ground Squirrel", "science_name": "Urocitellus townsendii"}