{"minx": -120.75296072093292, "miny": 38.849776826385565, "maxx": -112.12734349182259, "maxy": 44.608763646282306, "real_name": "Townsend's Pocket Gopher", "science_name": "Thomomys townsendii"}