{"minx": -124.82919055651313, "miny": 31.332172207742722, "maxx": -101.16741618568378, "maxy": 49.00249428082526, "real_name": "Townsend's Western Big-eared Bat", "science_name": "Corynorhinus townsendii townsendii"}