{"minx": -124.82919055651313, "miny": 40.295429263578555, "maxx": -121.0625344862134, "maxy": 49.00249428082528, "real_name": "Townsend's Mole", "science_name": "Scapanus townsendii"}