{"minx": -124.82919055651313, "miny": 41.97832746166842, "maxx": -120.07810044705943, "maxy": 49.00249428082526, "real_name": "Townsend's Chipmunk", "science_name": "Tamias townsendii"}