{"minx": -124.73497510500643, "miny": 35.62552278017282, "maxx": -115.87605027059314, "maxy": 49.00141272067121, "real_name": "Townsend's Solitaire", "science_name": "Myadestes townsendi"}