{"minx": -124.82919055651315, "miny": 40.905580494961555, "maxx": -105.66054649041519, "maxy": 49.00249428082524, "real_name": "Townsend's Warbler", "science_name": "Dendroica townsendi"}