{"minx": -124.82919055651313, "miny": 28.971546136987296, "maxx": -78.66441795251762, "maxy": 49.00249428082526, "real_name": "Townsend's Big-eared Bat", "science_name": "Corynorhinus townsendii"}