{"minx": -124.82919055651313, "miny": 40.417041153326075, "maxx": -120.65459562270215, "maxy": 49.00249428082528, "real_name": "Townsend's Vole", "science_name": "Microtus townsendii"}