{"minx": -105.16202077565434, "miny": 28.971546136987296, "maxx": -100.25205885564164, "maxy": 31.228109621676282, "real_name": "Trans-pecos Black-Headed Snake", "science_name": "Tantilla cucullata"}