{"minx": -107.86976259840445, "miny": 28.88383948042774, "maxx": -99.32927411961707, "maxy": 34.37244493713679, "real_name": "Trans-pecos Ratsnake", "science_name": "Bogertophis subocularis"}