{"minx": -118.1976808830213, "miny": 32.52927581099941, "maxx": -115.51870566402187, "maxy": 33.99645918789638, "real_name": "Tricolored Heron", "science_name": "Egretta tricolor"}