{"minx": -124.44801600760724, "miny": 32.58856762070383, "maxx": -115.93442132720622, "maxy": 47.55382997118038, "real_name": "Tricolored Blackbird", "science_name": "Agelaius tricolor"}