{"minx": -99.49668984994499, "miny": 25.837377232568286, "maxx": -97.08230976984538, "maxy": 27.858566367099716, "real_name": "Tropical Parula", "science_name": "Parula pitiayumi"}