{"minx": -111.65154660441584, "miny": 31.332172207742722, "maxx": -108.90187108823655, "maxy": 33.02795928797437, "real_name": "Tropical Kingbird", "science_name": "Tyrannus melancholicus"}