{"minx": -124.82919055651313, "miny": 34.162394427190236, "maxx": -118.25619949653283, "maxy": 49.00249428082526, "real_name": "Trowbridge's Shrew", "science_name": "Sorex trowbridgii"}