{"minx": -122.17142874071126, "miny": 41.79617015841123, "maxx": -83.81327771897539, "maxy": 48.55379264660095, "real_name": "Trumpeter Swan", "science_name": "Cygnus buccinator"}