{"minx": -124.82919055651315, "miny": 33.58599960702934, "maxx": -118.92677093930241, "maxy": 48.72771678357839, "real_name": "Tufted Puffin", "science_name": "Fratercula cirrhata"}