{"minx": -100.19948993810351, "miny": 24.68871080443756, "maxx": -68.11837546424094, "maxy": 45.88617310031975, "real_name": "Tufted Titmouse", "science_name": "Baeolophus bicolor"}