{"minx": -122.64255548718009, "miny": 37.876752650312525, "maxx": -121.51797575919574, "maxy": 39.73586141674445, "real_name": "Tule White-fronted Goose", "science_name": "Anser albifrons elgasi"}