{"minx": -122.34662165695899, "miny": 35.13006219178573, "maxx": -117.73401096247716, "maxy": 40.680712665224185, "real_name": "Tule Elk", "science_name": "Cervus elaphus nannodes"}