{"minx": -124.82919055651315, "miny": 29.568719107059987, "maxx": -74.16665169179008, "maxy": 49.00245905804304, "real_name": "Tundra Swan", "science_name": "Cygnus columbianus"}