{"minx": -124.82919055651313, "miny": 26.201247290357877, "maxx": -66.90176211350195, "maxy": 49.38435789073909, "real_name": "Turkey Vulture", "science_name": "Cathartes aura"}