{"minx": -111.73725847037646, "miny": 28.971546136987296, "maxx": -101.84076991146107, "maxy": 35.1431233553561, "real_name": "Twin-spotted Spiny Lizard", "science_name": "Sceloporus bimaculosus"}