{"minx": -111.30072279663857, "miny": 31.332172207742722, "maxx": -108.90187108823656, "maxy": 33.58436656448031, "real_name": "Twin-spotted Rattlesnake", "science_name": "Crotalus pricei"}