{"minx": -90.62158731692143, "miny": 24.9690782673592, "maxx": -75.40432755921594, "maxy": 38.0898447591073, "real_name": "Two-toed Amphiuma", "science_name": "Amphiuma means"}