{"minx": -122.03510942435, "miny": 32.52927581099941, "maxx": -115.93442132720622, "maxy": 36.99242887989301, "real_name": "Two-striped Gartersnake", "science_name": "Thamnophis hammondii"}