{"minx": -119.61367250009755, "miny": 35.9542168976013, "maxx": -104.71625403924357, "maxy": 45.60512805203503, "real_name": "Uinta Chipmunk", "science_name": "Tamias umbrinus"}