{"minx": -114.34249254237707, "miny": 38.044369768480436, "maxx": -107.76158076347127, "maxy": 46.0157380218084, "real_name": "Uinta Ground Squirrel", "science_name": "Urocitellus armatus"}