{"minx": -113.38231642603486, "miny": 31.359502902918006, "maxx": -111.04276945735785, "maxy": 32.897456202620674, "real_name": "Underwood's Mastiff Bat", "science_name": "Eumops underwoodi"}