{"minx": -121.60298968746099, "miny": 35.74538027492306, "maxx": -66.90176211350195, "maxy": 49.001132353673256, "real_name": "Upland Sandpiper", "science_name": "Bartramia longicauda"}