{"minx": -90.61009840305887, "miny": 30.141719414658173, "maxx": -75.65537260212234, "maxy": 41.51364151809218, "real_name": "Upland Chorus Frog", "science_name": "Pseudacris feriarum"}