{"minx": -114.22356098463497, "miny": 36.38309175736567, "maxx": -110.57802861262056, "maxy": 40.011591738253905, "real_name": "Utah Prairie Dog", "science_name": "Cynomys parvidens"}