{"minx": -124.82919055651315, "miny": 36.50047001805973, "maxx": -110.59847574742179, "maxy": 49.00249428082528, "real_name": "Vagrant Shrew", "science_name": "Sorex vagrans"}