{"minx": -100.09322729434045, "miny": 29.156842146848373, "maxx": -99.04584460822157, "maxy": 30.166115222318357, "real_name": "Valdina Farms Salamander", "science_name": "Eurycea troglodytes"}