{"minx": -81.10604701039907, "miny": 37.13286036177346, "maxx": -76.55261219785858, "maxy": 41.40184701464341, "real_name": "Valley And Ridge Salamander", "science_name": "Plethodon hoffmani"}