{"minx": -124.7349751050064, "miny": 45.68307377209467, "maxx": -121.13411598998786, "maxy": 48.36295045699068, "real_name": "Van Dyke's Salamander", "science_name": "Plethodon vandykei"}