{"minx": -111.65154660441587, "miny": 26.294099214018992, "maxx": -98.20401514468182, "maxy": 33.01318241415074, "real_name": "Varied Bunting", "science_name": "Passerina versicolor"}