{"minx": -121.97209268469078, "miny": 43.18614698560689, "maxx": -108.82220538730687, "maxy": 49.00141272067123, "real_name": "Varied Thrush", "science_name": "Ixoreus naevius"}