{"minx": -114.81659175159807, "miny": 31.55609433591335, "maxx": -110.28346648128947, "maxy": 34.2711545883056, "real_name": "Variable Sandsnake", "science_name": "Chilomeniscus stramineus"}