{"minx": -124.82919055651315, "miny": 37.144673703700576, "maxx": -111.99778285357874, "maxy": 49.00249428082528, "real_name": "Vaux's Swift", "science_name": "Chaetura vauxi"}