{"minx": -122.41825368163677, "miny": 33.87572033113321, "maxx": -66.90176211350195, "maxy": 49.38435789073911, "real_name": "Veery", "science_name": "Catharus fuscescens"}