{"minx": -119.13044900118997, "miny": 25.837377232568308, "maxx": -96.40881001161532, "maxy": 38.38342070225372, "real_name": "Verdin", "science_name": "Auriparus flaviceps"}