{"minx": -113.72386822143007, "miny": 29.54412853973884, "maxx": -98.343178547931, "maxy": 37.609479193576135, "real_name": "Vermilion Flycatcher", "science_name": "Pyrocephalus rubinus"}