{"minx": -124.66824152407844, "miny": 34.072085673018535, "maxx": -67.03251487114512, "maxy": 49.38435789073909, "real_name": "Vesper Sparrow", "science_name": "Pooecetes gramineus"}