{"minx": -111.30072279663857, "miny": 31.332172207742722, "maxx": -108.17161910327629, "maxy": 33.02795928797434, "real_name": "Violet-crowned Hummingbird", "science_name": "Amazilia violiceps"}