{"minx": -124.82919055651315, "miny": 28.971546136987303, "maxx": -102.03809727256048, "maxy": 49.00249428082528, "real_name": "Violet-green Swallow", "science_name": "Tachycineta thalassina"}