{"minx": -120.25242991274297, "miny": 30.214549836524036, "maxx": -101.46920995355286, "maxy": 44.18947214891959, "real_name": "Virginia's Warbler", "science_name": "Vermivora virginiae"}