{"minx": -84.53978871349297, "miny": 35.8741648463152, "maxx": -78.66441795251765, "maxy": 39.31357283645496, "real_name": "Virginia Big-eared Bat", "science_name": "Corynorhinus townsendii virginianus"}