{"minx": -124.2739609211965, "miny": 34.34588705828512, "maxx": -66.90176211350195, "maxy": 49.38435789073909, "real_name": "Virginia Rail", "science_name": "Rallus limicola"}