{"minx": -111.19857622824136, "miny": 24.464611132372937, "maxx": -68.92698591973242, "maxy": 46.40797963331267, "real_name": "Virginia Opossum", "science_name": "Didelphis virginiana"}