{"minx": -81.16526737841455, "miny": 37.64766847801569, "maxx": -79.29747579684775, "maxy": 39.238525664060624, "real_name": "Virginia Northern Flying Squirrel", "science_name": "Glaucomys sabrinus fuscus"}