{"minx": -82.40645395114672, "miny": 24.688710804437537, "maxx": -79.98143115950225, "maxy": 27.28056400841951, "real_name": "Wagner's Bonneted Bat", "science_name": "Eumops glaucinus"}