{"minx": -124.47443617035333, "miny": 38.51490252532597, "maxx": -122.93980416764805, "maxy": 48.72771678357839, "real_name": "Wandering Salamander", "science_name": "Aneides vagrans"}