{"minx": -124.82919055651313, "miny": 29.530580224639962, "maxx": -66.90176211350195, "maxy": 49.38435789073909, "real_name": "Warbling Vireo", "science_name": "Vireo gilvus"}