{"minx": -120.45472188683898, "miny": 45.20495468671778, "maxx": -117.97823693410174, "maxy": 47.66007958600771, "real_name": "Washington Ground Squirrel", "science_name": "Urocitellus washingtoni"}