{"minx": -91.76664131948847, "miny": 30.69223110417479, "maxx": -81.78771849741818, "maxy": 34.857960431580594, "real_name": "Webster's Salamander", "science_name": "Plethodon websteri"}