{"minx": -84.49377420665559, "miny": 36.09516000545917, "maxx": -76.0505062450463, "maxy": 43.06163610397381, "real_name": "Wehrle's Salamander", "science_name": "Plethodon wehrlei"}