{"minx": -82.6326230566036, "miny": 35.821879358529856, "maxx": -81.21622291984062, "maxy": 36.82017532526565, "real_name": "Weller's Salamander", "science_name": "Plethodon welleri"}