{"minx": -123.13777737282217, "miny": 32.529275810999415, "maxx": -116.2232866381971, "maxy": 40.89640742710372, "real_name": "Western Spadefoot", "science_name": "Spea hammondii"}