{"minx": -124.66824152407838, "miny": 37.63241181778035, "maxx": -120.5721213123279, "maxy": 46.26830143928282, "real_name": "Western Red-backed Vole", "science_name": "Myodes californicus"}