{"minx": -121.99482724121891, "miny": 40.06557329071341, "maxx": -76.99615366873303, "maxy": 49.38435789073909, "real_name": "Western Meadowlark", "science_name": "Sturnella neglecta"}