{"minx": -120.93091405654575, "miny": 28.971546136987303, "maxx": -102.86661185643379, "maxy": 41.916782665176584, "real_name": "Western Patch-nosed Snake", "science_name": "Salvadora hexalepis"}