{"minx": -124.82919055651315, "miny": 26.689494128644945, "maxx": -97.66366382022905, "maxy": 49.00249428082526, "real_name": "Western Spotted Skunk", "science_name": "Spilogale gracilis"}