{"minx": -124.82919055651315, "miny": 32.52927581099941, "maxx": -104.37282938160625, "maxy": 49.00249428082528, "real_name": "Western Toad", "science_name": "Anaxyrus boreas"}