{"minx": -124.66824152407844, "miny": 32.52927581099941, "maxx": -110.05277079838017, "maxy": 49.00126987808682, "real_name": "Western Skink", "science_name": "Plestiodon skiltonianus"}