{"minx": -124.82919055651313, "miny": 28.971546136987303, "maxx": -101.68381758962798, "maxy": 49.00249428082526, "real_name": "Western Red Bat", "science_name": "Lasiurus blossevillii"}