{"minx": -124.47443617035339, "miny": 32.55535460462541, "maxx": -115.24350223621013, "maxy": 48.43810327220393, "real_name": "Western Gray Squirrel", "science_name": "Sciurus griseus"}