{"minx": -122.42171556974256, "miny": 32.52927581099941, "maxx": -115.71395906353492, "maxy": 38.02782912415301, "real_name": "Western Black-headed Snake", "science_name": "Tantilla planiceps"}