{"minx": -124.47443617035333, "miny": 28.971546136987303, "maxx": -86.8751580183761, "maxy": 49.00048375088877, "real_name": "Western Harvest Mouse", "science_name": "Reithrodontomys megalotis"}