{"minx": -123.67569828289362, "miny": 27.30043595726792, "maxx": -99.02822548398407, "maxy": 46.98371093194471, "real_name": "Western Pipistrelle", "science_name": "Pipistrellus hesperus"}