{"minx": -105.37745768222702, "miny": 25.837377232568308, "maxx": -86.50550971723563, "maxy": 44.816178088786955, "real_name": "Western Ribbonsnake", "science_name": "Thamnophis proximus"}