{"minx": -124.56053860435944, "miny": 39.93196216639391, "maxx": -120.81595251485503, "maxy": 48.117804975823276, "real_name": "Western Pocket Gopher", "science_name": "Thomomys mazama"}