{"minx": -124.66824152407844, "miny": 29.294113747949012, "maxx": -101.47892820805112, "maxy": 49.00249428082526, "real_name": "Western Tanager", "science_name": "Piranga ludoviciana"}