{"minx": -113.62318882416396, "miny": 25.837377232568308, "maxx": -90.03464020184511, "maxy": 40.8041008857206, "real_name": "Western Narrow-mouthed Toad", "science_name": "Gastrophryne olivacea"}