{"minx": -83.26041718796458, "miny": 24.464611132372944, "maxx": -79.98143115950226, "maxy": 30.73193117946243, "real_name": "West Indian Manatee", "science_name": "Trichechus manatus"}