{"minx": -120.07634691692869, "miny": 31.332172207742722, "maxx": -108.09274568299206, "maxy": 38.38342070225377, "real_name": "Western Lyresnake", "science_name": "Trimorphodon biscutatus"}