{"minx": -124.66109872475803, "miny": 32.52927581099941, "maxx": -111.44065012608645, "maxy": 48.9248572550204, "real_name": "Western Fence Lizard", "science_name": "Sceloporus occidentalis"}