{"minx": -124.66824152407838, "miny": 24.464611132372916, "maxx": -74.05668267587008, "maxy": 47.07797181276851, "real_name": "Western Sandpiper", "science_name": "Calidris mauri"}