{"minx": -116.8463602518201, "miny": 25.837377232568286, "maxx": -92.14812544643374, "maxy": 37.00320675978354, "real_name": "Western Diamond-backed Rattlesnake", "science_name": "Crotalus atrox"}