{"minx": -124.66824152407844, "miny": 25.837377232568322, "maxx": -93.8248124396224, "maxy": 49.09049740004672, "real_name": "Western Kingbird", "science_name": "Tyrannus verticalis"}