{"minx": -123.97057845453391, "miny": 35.35399248230625, "maxx": -96.57497148375495, "maxy": 49.00141272067123, "real_name": "Western Jumping Mouse", "science_name": "Zapus princeps"}