{"minx": -120.32742737193709, "miny": 28.971546136987296, "maxx": -100.2765891740256, "maxy": 38.007376994728695, "real_name": "Western Threadsnake", "science_name": "Leptotyphlops humilis"}