{"minx": -123.8338908097781, "miny": 28.971546136987314, "maxx": -97.62511563977617, "maxy": 49.00126987808678, "real_name": "Western Small-footed Myotis", "science_name": "Myotis ciliolabrum"}