{"minx": -124.82919055651313, "miny": 46.74426786331045, "maxx": -122.08134908311115, "maxy": 49.00245905804304, "real_name": "Western Gull", "science_name": "Larus occidentalis"}