{"minx": -124.82919055651313, "miny": 42.54965978057479, "maxx": -120.43897595433701, "maxy": 49.00249428082526, "real_name": "Western Red-backed Salamander", "science_name": "Plethodon vehiculum"}