{"minx": -124.66824152407838, "miny": 32.59510339014491, "maxx": -115.93442132720622, "maxy": 47.974741685000424, "real_name": "Western Pond Turtle", "science_name": "Actinemys marmorata"}