{"minx": -124.82919055651315, "miny": 28.971546136987296, "maxx": -96.31854469424252, "maxy": 49.00249428082524, "real_name": "Western Wood-pewee", "science_name": "Contopus sordidulus"}