{"minx": -123.70474882195154, "miny": 30.05237038485051, "maxx": -88.45948214082608, "maxy": 49.00139119218951, "real_name": "Western Grebe", "science_name": "Aechmophorus occidentalis"}