{"minx": -124.4708253755159, "miny": 32.60363691499945, "maxx": -95.53103876290947, "maxy": 49.001132353673256, "real_name": "Western Burrowing Owl", "science_name": "Athene cunicularia hypugaea"}