{"minx": -124.82919055651313, "miny": 28.971546136987303, "maxx": -101.10405725538408, "maxy": 49.00249428082526, "real_name": "Western Screech-owl", "science_name": "Megascops kennicottii"}