{"minx": -123.20857792249375, "miny": 35.730512035340666, "maxx": -104.80886069138135, "maxy": 49.0008437278148, "real_name": "Western Bluebird", "science_name": "Sialia mexicana"}