{"minx": -124.66824152407844, "miny": 31.332177073329678, "maxx": -107.17115757087221, "maxy": 49.00079050534285, "real_name": "Western Rattlesnake", "science_name": "Crotalus oreganus"}