{"minx": -89.64499593559782, "miny": 36.2140192521552, "maxx": -72.49436821723071, "maxy": 45.86938580765192, "real_name": "Western Chorus Frog", "science_name": "Pseudacris triseriata"}