{"minx": -120.24501430237028, "miny": 25.837377232568322, "maxx": -92.31332164860169, "maxy": 44.11573326441099, "real_name": "Western Groundsnake", "science_name": "Sonora semiannulata"}