{"minx": -118.76235828323972, "miny": 26.388654908142115, "maxx": -98.92800004019134, "maxy": 36.991505330721886, "real_name": "Western Yellow Bat", "science_name": "Lasiurus xanthinus"}