{"minx": -124.47705377229163, "miny": 29.96265252971251, "maxx": -98.65559822530363, "maxy": 46.75790065060204, "real_name": "Western Scrub-jay", "science_name": "Aphelocoma californica"}