{"minx": -100.51297874884766, "miny": 28.962531707439556, "maxx": -89.51429126608983, "maxy": 38.762271271848334, "real_name": "Western Slimy Salamander", "science_name": "Plethodon albagula"}