{"minx": -119.52128743303814, "miny": 31.332172207742722, "maxx": -107.73395643158733, "maxy": 38.38342070225372, "real_name": "Western Banded Gecko", "science_name": "Coleonyx variegatus"}