{"minx": -124.14166547494295, "miny": 35.343993143253, "maxx": -104.60614130131029, "maxy": 49.00223345647736, "real_name": "Western Heather Vole", "science_name": "Phenacomys intermedius"}