{"minx": -119.11039920983183, "miny": 31.332177073329678, "maxx": -110.02928512078083, "maxy": 38.329225537160006, "real_name": "Western Shovel-nosed Snake", "science_name": "Chionactis occipitalis"}