{"minx": -80.66391460987427, "miny": 37.64766847801569, "maxx": -80.38221551307265, "maxy": 37.93961115799965, "real_name": "West Virginia Spring Salamander", "science_name": "Gyrinophilus subterraneus"}