{"minx": -98.78293650087069, "miny": 38.59305090142258, "maxx": -85.69449200184637, "maxy": 48.304150773954234, "real_name": "Western Foxsnake", "science_name": "Pantherophis vulpina"}