{"minx": -97.66623003015359, "miny": 31.549303970962814, "maxx": -89.45407318433826, "maxy": 43.178017174800885, "real_name": "Western Wormsnake", "science_name": "Carphophis vermis"}