{"minx": -105.69227536903172, "miny": 37.66066480416747, "maxx": -104.72816903549045, "maxy": 38.593868331740914, "real_name": "Wet Mountains Marmot", "science_name": "Marmota flaviventris notioros"}