{"minx": -123.16439450314189, "miny": 32.52927581099941, "maxx": -115.24350223621013, "maxy": 38.4261875015234, "real_name": "Whimbrel", "science_name": "Numenius phaeopus"}