{"minx": -117.94124420290532, "miny": 28.982124277332886, "maxx": -66.90176211350197, "maxy": 49.38435789073906, "real_name": "Whip-poor-will", "science_name": "Caprimulgus vociferus"}