{"minx": -111.60662653479402, "miny": 31.332172207742722, "maxx": -107.73395643158733, "maxy": 32.84159403830283, "real_name": "Whiskered Screech-owl", "science_name": "Megascops trichopsis"}