{"minx": -82.97513191855408, "miny": 24.464611132372916, "maxx": -80.06853258086711, "maxy": 26.45055831570106, "real_name": "White-crowned Pigeon", "science_name": "Patagioenas leucocephala"}