{"minx": -124.14947441087331, "miny": 32.987538218610204, "maxx": -115.58745634632403, "maxy": 49.00141272067123, "real_name": "White-headed Woodpecker", "science_name": "Picoides albolarvatus"}