{"minx": -121.61897999831564, "miny": 35.71326369405731, "maxx": -88.00872842196851, "maxy": 49.3843578907391, "real_name": "White-tailed Jackrabbit", "science_name": "Lepus townsendii"}