{"minx": -111.59620782205243, "miny": 37.822164095089775, "maxx": -104.6462638793068, "maxy": 45.520566823168295, "real_name": "White-tailed Prairie Dog", "science_name": "Cynomys leucurus"}