{"minx": -121.25494104815483, "miny": 32.58856762070383, "maxx": -105.88421354959299, "maxy": 44.239026679530774, "real_name": "White-tailed Antelope Squirrel", "science_name": "Ammospermophilus leucurus"}