{"minx": -117.67255603397042, "miny": 43.25893894265697, "maxx": -108.10346867940058, "maxy": 49.00139119218953, "real_name": "White-crowned Sparrow", "science_name": "Zonotrichia leucophrys"}