{"minx": -105.34343434216477, "miny": 27.282870043107003, "maxx": -96.78898613619016, "maxy": 34.426144547354106, "real_name": "White-ankled Deermouse", "science_name": "Peromyscus pectoralis"}