{"minx": -124.23630320854029, "miny": 24.464611132372916, "maxx": -66.90176211350195, "maxy": 49.38435789073906, "real_name": "White-tailed Deer", "science_name": "Odocoileus virginianus"}