{"minx": -77.37202676326582, "miny": 34.74491886684613, "maxx": -75.21337542134306, "maxy": 38.130677873356866, "real_name": "White Ibis", "science_name": "Eudocimus albus"}