{"minx": -109.09877642961158, "miny": 31.332253295564232, "maxx": -107.73395643158733, "maxy": 32.623985395055776, "real_name": "White-sided Jackrabbit", "science_name": "Lepus callotis"}