{"minx": -99.81794125447837, "miny": 25.837377232568308, "maxx": -94.671074983153, "maxy": 29.806510567824493, "real_name": "White-tailed Hawk", "science_name": "Buteo albicaudatus"}