{"minx": -124.66824152407844, "miny": 40.355588096593706, "maxx": -121.79923301876339, "maxy": 46.26830143928282, "real_name": "White-footed Vole", "science_name": "Arborimus albipes"}