{"minx": -124.82919055651318, "miny": 33.65674234644232, "maxx": -69.86728154030688, "maxy": 49.00139119218951, "real_name": "White-winged Crossbill", "science_name": "Loxia leucoptera"}