{"minx": -111.13935529192639, "miny": 48.822929569535106, "maxx": -110.15339914036448, "maxy": 48.99918830635715, "real_name": "White-winged Scoter", "science_name": "Melanitta fusca"}