{"minx": -97.7745591768246, "miny": 42.71678179676798, "maxx": -67.416594761259, "maxy": 49.38435789073909, "real_name": "White-throated Sparrow", "science_name": "Zonotrichia albicollis"}