{"minx": -122.19392047622607, "miny": 34.69010283401473, "maxx": -98.24279014322289, "maxy": 44.56193759715411, "real_name": "White-faced Ibis", "science_name": "Plegadis chihi"}