{"minx": -116.8463602518201, "miny": 31.332172207742722, "maxx": -106.47774295556188, "maxy": 39.45268700308888, "real_name": "White-throated Woodrat", "science_name": "Neotoma albigula"}