{"minx": -118.82026408747751, "miny": 34.23194267309674, "maxx": -116.676338622728, "maxy": 36.1206809727196, "real_name": "White-tailed Kite", "science_name": "Elanus leucurus"}