{"minx": -110.14074279023592, "miny": 33.44344323917129, "maxx": -109.02112072757402, "maxy": 34.42003671051479, "real_name": "White Mountains Chipmunk", "science_name": "Tamias minimus arizonensis"}