{"minx": -113.57735897592035, "miny": 25.837377232568308, "maxx": -67.57785465198054, "maxy": 49.001132353673256, "real_name": "White-footed Deermouse", "science_name": "Peromyscus leucopus"}