{"minx": -83.38275906063231, "miny": 33.34379963116504, "maxx": -76.28875506599911, "maxy": 39.63648124976918, "real_name": "White-spotted Slimy Salamander", "science_name": "Plethodon cylindraceus"}