{"minx": -122.95980586418152, "miny": 35.9947307347427, "maxx": -104.52234417189602, "maxy": 49.00249428082526, "real_name": "White-tailed Ptarmigan", "science_name": "Lagopus leucura"}