{"minx": -100.00021475293734, "miny": 25.837377232568308, "maxx": -97.08230976984541, "maxy": 28.154688240424107, "real_name": "White-tipped Dove", "science_name": "Leptotila verreauxi"}