{"minx": -123.58686065328303, "miny": 31.913205187043726, "maxx": -102.55826119837495, "maxy": 49.00044816363061, "real_name": "White-throated Swift", "science_name": "Aeronautes saxatalis"}