{"minx": -124.47443617035333, "miny": 32.52927581099941, "maxx": -103.25981342003388, "maxy": 49.00113235367329, "real_name": "White-breasted Nuthatch", "science_name": "Sitta carolinensis"}