{"minx": -107.22296715228202, "miny": 28.971546136987296, "maxx": -98.71561049143546, "maxy": 38.82319964392812, "real_name": "White-toothed Woodrat", "science_name": "Neotoma leucodon"}