{"minx": -99.39374785254661, "miny": 25.837377232568286, "maxx": -97.09609769471822, "maxy": 27.007782366119635, "real_name": "White-collared Seedeater", "science_name": "Sporophila torqueola"}