{"minx": -102.71900672232888, "miny": 28.163463098090958, "maxx": -69.86728154030686, "maxy": 43.03265624801364, "real_name": "White-eyed Vireo", "science_name": "Vireo griseus"}