{"minx": -117.99370378837101, "miny": 31.98473240646661, "maxx": -112.59169926110287, "maxy": 38.835288105254264, "real_name": "White-winged Dove", "science_name": "Zenaida asiatica"}