{"minx": -118.74398562601392, "miny": 34.71935687146478, "maxx": -118.18642837206791, "maxy": 35.1630840559263, "real_name": "White-eared Pocket Mouse", "science_name": "Perognathus alticolus"}