{"minx": -110.03342662972109, "miny": 32.453459820550464, "maxx": -109.67980371569756, "maxy": 32.91413906417747, "real_name": "White-bellied Vole", "science_name": "Microtus longicaudus leucophaeus"}