{"minx": -97.91232122712528, "miny": 27.946132358556383, "maxx": -95.44641454273345, "maxy": 30.342880281589025, "real_name": "Whooping Crane", "science_name": "Grus americana"}