{"minx": -116.75904237257306, "miny": 32.60394050832937, "maxx": -115.7139590635349, "maxy": 33.34815296335211, "real_name": "Wiggins' Night Lizard", "science_name": "Xantusia wigginsi"}