{"minx": -124.66824152407844, "miny": 25.61297200072819, "maxx": -67.49222244733525, "maxy": 49.00126987808678, "real_name": "Wild Turkey", "science_name": "Meleagris gallopavo"}