{"minx": -124.66824152407841, "miny": 24.464611132372937, "maxx": -71.5156441914581, "maxy": 47.245344557533805, "real_name": "Wild Boar", "science_name": "Sus scrofa"}