{"minx": -122.49939471315294, "miny": 35.73596369526017, "maxx": -103.15584406743105, "maxy": 49.00046574127963, "real_name": "Williamson's Sapsucker", "science_name": "Sphyrapicus thyroideus"}