{"minx": -122.86141575238786, "miny": 37.36194083947392, "maxx": -66.90176211350195, "maxy": 49.00139119218955, "real_name": "Willet", "science_name": "Tringa semipalmata"}