{"minx": -124.82919055651315, "miny": 30.26952613736478, "maxx": -66.90176211350197, "maxy": 49.00249428082526, "real_name": "Willow Flycatcher", "science_name": "Empidonax traillii"}