{"minx": -123.62222256007848, "miny": 32.52927581099941, "maxx": -73.91583724239895, "maxy": 49.00141272067121, "real_name": "Wilson's Phalarope", "science_name": "Phalaropus tricolor"}