{"minx": -124.82919055651313, "miny": 34.162394427190236, "maxx": -66.90176211350195, "maxy": 49.00249428082528, "real_name": "Wilson's Warbler", "science_name": "Wilsonia pusilla"}