{"minx": -91.6335528745586, "miny": 27.60035985795514, "maxx": -75.00655848002518, "maxy": 38.59721743503695, "real_name": "Wilson's Plover", "science_name": "Charadrius wilsonia"}