{"minx": -119.93911074759085, "miny": 39.88726467279179, "maxx": -66.90176211350195, "maxy": 49.38435789073909, "real_name": "Wilson's Snipe", "science_name": "Gallinago delicata"}