{"minx": -122.34882124534337, "miny": 40.587602730299594, "maxx": -67.20760386030572, "maxy": 49.38435789073911, "real_name": "Winter Wren", "science_name": "Troglodytes troglodytes"}