{"minx": -124.05780749159841, "miny": 35.63740243926737, "maxx": -108.82220538730685, "maxy": 49.00249428082526, "real_name": "Wolverine", "science_name": "Gulo gulo"}