{"minx": -117.53117302097836, "miny": 48.24274729879117, "maxx": -116.31211359018019, "maxy": 49.0004827327743, "real_name": "Woodland Caribou", "science_name": "Rangifer tarandus caribou"}