{"minx": -99.69398898956257, "miny": 29.045344933468378, "maxx": -69.9576449666982, "maxy": 46.234326129385295, "real_name": "Woodland Vole", "science_name": "Microtus pinetorum"}