{"minx": -82.97513191855408, "miny": 24.464611132372916, "maxx": -79.98143115950224, "maxy": 27.678982220812127, "real_name": "Wood Slave", "science_name": "Hemidactylus mabouia"}