{"minx": -93.82197020326562, "miny": 36.84459958265594, "maxx": -66.90176211350197, "maxy": 47.537201048590305, "real_name": "Wood Turtle", "science_name": "Glyptemys insculpta"}