{"minx": -124.82919055651313, "miny": 35.97434729518727, "maxx": -66.90176211350195, "maxy": 49.38435789073909, "real_name": "Wood Duck", "science_name": "Aix sponsa"}