{"minx": -101.1738495420956, "miny": 28.806896054117207, "maxx": -66.90176211350195, "maxy": 48.30415077395425, "real_name": "Wood Thrush", "science_name": "Hylocichla mustelina"}