{"minx": -95.99150409620724, "miny": 34.50726377028847, "maxx": -66.90176211350195, "maxy": 49.38435789073909, "real_name": "Woodland Jumping Mouse", "science_name": "Napaeozapus insignis"}