{"minx": -118.30390738303436, "miny": 31.522516378700445, "maxx": -66.90176211350196, "maxy": 49.38435789073906, "real_name": "Woodchuck", "science_name": "Marmota monax"}