{"minx": -107.83675435582654, "miny": 32.972603861572374, "maxx": -66.97589518352362, "maxy": 49.38435789073906, "real_name": "Wood Frog", "science_name": "Lithobates sylvaticus"}