{"minx": -85.45611867855011, "miny": 28.95641460725551, "maxx": -79.43571961319027, "maxy": 33.276342495167384, "real_name": "Wood Stork", "science_name": "Mycteria americana"}