{"minx": -120.8416389741929, "miny": 25.837377232568308, "maxx": -88.81143664847731, "maxy": 48.937287000463925, "real_name": "Woodhouse's Toad", "science_name": "Anaxyrus woodhousii"}