{"minx": -96.97807000138839, "miny": 30.14875992286583, "maxx": -69.86728154030688, "maxy": 43.212565703078575, "real_name": "Worm-eating Warbler", "science_name": "Helmitheros vermivorum"}