{"minx": -124.66824152407841, "miny": 32.529275810999415, "maxx": -115.94028484107226, "maxy": 46.26830143928283, "real_name": "Wrentit", "science_name": "Chamaea fasciata"}