{"minx": -109.0158152673126, "miny": 40.93802080673649, "maxx": -106.93952196047312, "maxy": 42.19666314590113, "real_name": "Wyoming Pocket Gopher", "science_name": "Thomomys clusius"}