{"minx": -112.1021940258573, "miny": 37.31379004930573, "maxx": -104.21924115694642, "maxy": 44.20315832443268, "real_name": "Wyoming Ground Squirrel (elegans)", "science_name": "Urocitellus elegans elegans"}