{"minx": -117.63369712875853, "miny": 37.31379004930573, "maxx": -104.21924115694641, "maxy": 47.80875639690449, "real_name": "Wyoming Ground Squirrel", "science_name": "Urocitellus elegans"}