{"minx": -117.63369712875854, "miny": 41.09387788082073, "maxx": -113.95045183760057, "maxy": 43.8311875692593, "real_name": "Wyoming Ground Squirrel (nevadensis)", "science_name": "Urocitellus elegans nevadensis"}