{"minx": -114.53575229387347, "miny": 44.520564691167145, "maxx": -110.26980992926724, "maxy": 47.80875639690449, "real_name": "Wyoming Ground Squirrel (aureus)", "science_name": "Urocitellus elegans aureus"}