{"minx": -106.32040633911026, "miny": 40.82318941243698, "maxx": -105.44168065820767, "maxy": 41.476148876313886, "real_name": "Wyoming Toad", "science_name": "Anaxyrus baxteri"}