{"minx": -112.69075057665766, "miny": 31.332172207742722, "maxx": -107.73395643158733, "maxy": 33.02795928797437, "real_name": "Yaqui Black-headed Snake", "science_name": "Tantilla yaquia"}