{"minx": -112.69075057665766, "miny": 31.332172207742722, "maxx": -107.73395643158733, "maxy": 33.58436656448032, "real_name": "Yarrow's Spiny Lizard", "science_name": "Sceloporus jarrovii"}