{"minx": -121.36058653674034, "miny": 32.375950127948215, "maxx": -108.90917283210764, "maxy": 39.71420159751639, "real_name": "Yellow-backed Spiny Lizard", "science_name": "Sceloporus uniformis"}