{"minx": -122.87543259829582, "miny": 34.515194516418525, "maxx": -103.23900448155484, "maxy": 49.00139119218953, "real_name": "Yellow-bellied Marmot", "science_name": "Marmota flaviventris"}