{"minx": -98.79776684782286, "miny": 25.837377232568322, "maxx": -97.09609769471822, "maxy": 26.532384140721685, "real_name": "Yellow-green Vireo", "science_name": "Vireo flavoviridis"}