{"minx": -124.47443617035336, "miny": 38.24738652084938, "maxx": -122.79965969401286, "maxy": 40.77506994066348, "real_name": "Yellow-cheeked Chipmunk", "science_name": "Tamias ochrogenys"}