{"minx": -101.6783525637799, "miny": 25.61297200072819, "maxx": -68.9110581037287, "maxy": 49.38435789073906, "real_name": "Yellow-throated Vireo", "science_name": "Vireo flavifrons"}