{"minx": -122.66220929257919, "miny": 24.464611132372944, "maxx": -67.4033733433071, "maxy": 49.00054284291426, "real_name": "Yellow-billed Cuckoo", "science_name": "Coccyzus americanus"}