{"minx": -124.20093365471243, "miny": 31.332172207742722, "maxx": -66.90176211350195, "maxy": 49.38435789073909, "real_name": "Yellow-rumped Warbler", "science_name": "Dendroica coronata"}