{"minx": -123.4616371389684, "miny": 33.555582695516385, "maxx": -81.85206140103072, "maxy": 49.3843578907391, "real_name": "Yellow-headed Blackbird", "science_name": "Xanthocephalus xanthocephalus"}