{"minx": -118.9931537584745, "miny": 41.38229869445107, "maxx": -118.57461011681535, "maxy": 41.83528838768523, "real_name": "Yellow-pine Chipmunk (celeris)", "science_name": "Tamias amoenus celeris"}