{"minx": -124.07640942064246, "miny": 37.20599603439614, "maxx": -108.82220538730685, "maxy": 49.00141272067123, "real_name": "Yellow-pine Chipmunk", "science_name": "Tamias amoenus"}