{"minx": -112.69075057665765, "miny": 25.837377232568308, "maxx": -88.90203337349962, "maxy": 43.14456940454848, "real_name": "Yellow Mud Turtle", "science_name": "Kinosternon flavescens"}