{"minx": -89.89665480029664, "miny": 30.17372887049125, "maxx": -88.21376389685364, "maxy": 32.77051192366716, "real_name": "Yellow-blotched Map Turtle", "science_name": "Graptemys flavimaculata"}