{"minx": -122.16356840637647, "miny": 42.161563759810434, "maxx": -66.90176211350197, "maxy": 49.38435789073909, "real_name": "Yellow Rail", "science_name": "Coturnicops noveboracensis"}