{"minx": -124.56053860435944, "miny": 28.163463098090958, "maxx": -71.72313124667139, "maxy": 49.00249428082526, "real_name": "Yellow-breasted Chat", "science_name": "Icteria virens"}