{"minx": -122.85052854039017, "miny": 34.449370263437025, "maxx": -119.39995267024442, "maxy": 40.877646549591425, "real_name": "Yellow-billed Magpie", "science_name": "Pica nuttalli"}