{"minx": -124.82919055651313, "miny": 24.464611132372937, "maxx": -66.90176211350195, "maxy": 49.38435789073909, "real_name": "Yellow Warbler", "science_name": "Dendroica petechia"}