{"minx": -97.22255679669642, "miny": 40.87789274745929, "maxx": -66.90176211350197, "maxy": 49.38435789073909, "real_name": "Yellow-bellied Flycatcher", "science_name": "Empidonax flaviventris"}