{"minx": -100.37565302473331, "miny": 25.837377232568286, "maxx": -72.00498772308441, "maxy": 46.04321438735971, "real_name": "Yellow-crowned Night-heron", "science_name": "Nyctanassa violacea"}