{"minx": -116.36060977465577, "miny": 32.868376022521645, "maxx": -115.24350223621013, "maxy": 33.6826783565944, "real_name": "Yellow-footed Gull", "science_name": "Larus livens"}