{"minx": -111.19857622824136, "miny": 31.332172207742722, "maxx": -108.18558713167629, "maxy": 33.46624707030929, "real_name": "Yellow-eyed Junco", "science_name": "Junco phaeonotus"}