{"minx": -100.02272570709235, "miny": 28.18118205236434, "maxx": -74.31991504249542, "maxy": 42.75243894164694, "real_name": "Yellow-throated Warbler", "science_name": "Dendroica dominica"}