{"minx": -101.87689565672223, "miny": 25.524979414571554, "maxx": -75.15065131788427, "maxy": 41.81488252624953, "real_name": "Yellow-bellied Kingsnake", "science_name": "Lampropeltis calligaster"}