{"minx": -82.97513191855408, "miny": 24.464611132372937, "maxx": -80.06853258086711, "maxy": 26.149212477901862, "real_name": "Yellow-headed Gecko", "science_name": "Gonatodes albogularis"}