{"minx": -102.65707538757687, "miny": 34.81886807134969, "maxx": -66.90176211350197, "maxy": 49.38435789073909, "real_name": "Yellow-bellied Sapsucker", "science_name": "Sphyrapicus varius"}