{"minx": -107.86976259840445, "miny": 28.58788534081421, "maxx": -99.67199563549526, "maxy": 38.51954651274003, "real_name": "Yellow-faced Pocket Gopher", "science_name": "Cratogeomys castanops"}