{"minx": -83.19997440349798, "miny": 35.22332386743765, "maxx": -79.65412769607507, "maxy": 37.36070045819296, "real_name": "Yonahlossee Salamander", "science_name": "Plethodon yonahlossee"}