{"minx": -120.50325727800019, "miny": 37.020725341611914, "maxx": -118.46125996368757, "maxy": 38.885405821608735, "real_name": "Yosemite Toad", "science_name": "Anaxyrus canorus"}