{"minx": -124.82919055651315, "miny": 28.971546136987303, "maxx": -101.1793131969769, "maxy": 49.00245905804304, "real_name": "Yuma Myotis", "science_name": "Myotis yumanensis"}