{"minx": -114.81659175159808, "miny": 31.99457624915544, "maxx": -113.16673151248743, "maxy": 33.04864887350989, "real_name": "Yuman Fringe-toed Lizard", "science_name": "Uma rufopunctata"}