{"minx": -119.96655934193953, "miny": 31.332172207742722, "maxx": -108.16232541999852, "maxy": 42.03027173617181, "real_name": "Zebra-tailed Lizard", "science_name": "Callisaurus draconoides"}