{"minx": -114.30681280697777, "miny": 27.653170766838702, "maxx": -98.78094144875051, "maxy": 36.52408614615638, "real_name": "Zone-tailed Hawk", "science_name": "Buteo albonotatus"}